championId,championName,kills,deaths,assists,games_played,totalDamageDealtToChampions,totalDamageTaken,magicDamageDealtToChampions,physicalDamageDealtToChampions,trueDamageDealtToChampions,largestCriticalStrike,timeCCingOthers,totalHealsOnTeammates,totalDamageShieldedOnTeammates,damageSelfMitigated,champExperience,champLevel,goldEarned,goldSpent,totalMinionsKilled,neutralMinionsKilled,bountyLevel,consumablesPurchased,itemsPurchased,visionScore,wardsPlaced,wardsKilled,visionWardsBoughtInGame,detectorWardsPlaced,objectives_baron_kills,objectives_champion_kills,objectives_dragon_kills,objectives_inhibitor_kills,objectives_riftHerald_kills,objectives_tower_kills,damageDealtToBuildings,damageDealtToTurrets,damageDealtToObjectives,first_baron_rate,first_dragon_rate,first_inhibitor_rate,first_herald_rate,first_tower_rate,timePlayed,longestTimeSpentLiving,gameEndedInEarlySurrender,gameEndedInSurrender,doubleKills,tripleKills,quadraKills,pentaKills,first_blood_rate,firstBloodAssist,first_tower_kill_rate,firstTowerAssist,turretKills,inhibitorKills,inhibitorTakedowns,inhibitorsLost,individualPosition,lane,kda,cs_per_minute,gold_per_minute,damage_per_minute
1,Annie,5.36,5.61,7.75,163,21780.45,17662.97,19983.87,932.53,863.13,39.96,27.8,13.91,1895.77,10781.16,13471.34,14.47,10312.46,9498.87,158.37,0.87,5.36,3.45,19.18,20.87,9.66,2.41,1.28,1.13,0.35,27.29,1.79,0.74,0.43,5.2,2460.45,2460.45,4938.0,0.27,0.5,0.38,0.43,0.39,1655.2,545.61,0.01,0.29,0.53,0.08,0.01,0.0,0.06,0.1,0.03,0.02,0.9,0.2,0.44,0.89,MIDDLE,MIDDLE,2.34,5.77,373.82,789.53
2,Olaf,6.46,6.07,5.13,125,22270.07,32400.22,69.87,16135.13,6064.42,206.54,14.39,0.0,0.0,35431.06,14722.68,15.01,11782.68,10863.91,146.17,49.95,6.46,1.87,21.3,15.85,6.58,1.95,0.66,0.53,0.37,27.53,1.95,0.81,0.48,5.55,4682.57,4682.57,17243.38,0.29,0.54,0.36,0.48,0.43,1651.77,515.1,0.02,0.28,0.78,0.11,0.01,0.0,0.13,0.1,0.16,0.0,1.58,0.2,0.37,0.85,TOP,TOP,1.91,7.12,428.0,808.95
3,Galio,3.7,4.94,9.69,471,17020.53,25919.01,16164.87,419.89,435.03,3.18,36.81,10.59,1095.55,36251.47,13343.93,14.39,9763.89,9047.03,157.15,0.93,3.7,3.67,20.65,20.0,9.59,2.01,1.4,1.24,0.34,26.69,1.79,0.81,0.43,5.27,1918.83,1918.83,4184.72,0.28,0.47,0.39,0.43,0.48,1632.41,600.25,0.0,0.32,0.22,0.01,0.0,0.0,0.06,0.13,0.04,0.04,0.66,0.12,0.4,0.84,MIDDLE,MIDDLE,2.71,5.81,358.88,625.6
4,TwistedFate,4.15,5.24,8.82,199,17660.36,22019.9,14989.44,2135.12,535.1,126.19,38.01,22.1,14.79,10618.35,14580.99,15.05,11586.15,10893.61,173.09,2.06,4.15,3.68,21.12,22.41,11.04,2.5,1.36,1.15,0.33,26.81,1.83,0.84,0.43,5.67,4562.8,4562.8,7711.08,0.29,0.48,0.42,0.43,0.48,1670.9,611.37,0.01,0.3,0.27,0.02,0.01,0.0,0.07,0.09,0.09,0.04,1.4,0.23,0.46,0.8,MIDDLE,MIDDLE,2.48,6.29,416.04,634.16
5,XinZhao,6.26,6.03,8.19,327,19782.02,41785.0,1315.82,17380.69,1084.54,259.23,24.15,0.0,0.0,31380.78,13530.98,14.48,11207.56,10335.22,35.9,131.49,6.26,2.91,21.05,22.72,5.32,3.54,2.05,1.86,0.33,28.22,1.83,0.85,0.46,5.63,2306.66,2306.66,28068.98,0.27,0.51,0.41,0.46,0.5,1663.74,531.19,0.01,0.29,0.56,0.06,0.0,0.0,0.12,0.08,0.04,0.05,0.85,0.18,0.44,0.87,JUNGLE,JUNGLE,2.4,6.04,404.18,713.41
6,Urgot,6.42,5.14,4.82,320,21158.55,27426.88,137.42,19171.62,1848.78,1.41,26.91,20.44,0.0,32938.17,15264.3,15.36,12081.13,11116.32,190.3,6.68,6.42,2.03,19.82,19.98,8.63,3.11,0.69,0.63,0.38,28.39,1.92,0.95,0.45,5.89,5503.83,5503.83,11965.8,0.3,0.46,0.45,0.45,0.47,1686.06,578.5,0.01,0.25,0.6,0.09,0.01,0.0,0.11,0.06,0.13,0.02,1.83,0.23,0.57,0.85,TOP,TOP,2.19,7.01,429.92,752.95
7,Leblanc,6.62,5.05,7.59,190,21653.94,20949.48,18389.74,1376.68,1886.48,0.0,17.26,1.03,0.0,9842.11,13318.07,14.33,10680.43,9914.18,141.56,1.08,6.62,4.26,20.94,31.53,13.26,3.81,1.71,1.5,0.32,30.05,2.01,0.93,0.46,5.71,2307.38,2307.38,4003.07,0.23,0.55,0.39,0.46,0.57,1673.16,612.98,0.01,0.33,0.38,0.03,0.0,0.0,0.17,0.12,0.02,0.03,0.64,0.14,0.43,0.81,MIDDLE,MIDDLE,2.81,5.12,383.0,776.52
8,Vladimir,6.14,4.56,4.86,360,24558.48,31907.52,22805.91,1186.78,564.98,0.0,4.47,0.0,0.0,16534.87,15131.81,15.37,11421.27,10431.35,198.52,3.73,6.14,2.39,18.09,13.8,7.94,1.08,0.37,0.31,0.34,27.74,1.86,0.9,0.48,5.8,3885.59,3885.59,7910.98,0.29,0.44,0.42,0.48,0.51,1653.34,615.09,0.01,0.3,0.65,0.12,0.01,0.01,0.08,0.05,0.06,0.02,1.38,0.18,0.44,0.77,MIDDLE,MIDDLE,2.41,7.34,414.48,891.23
9,FiddleSticks,4.84,5.57,8.82,234,18776.78,32722.05,17655.15,293.86,826.88,0.0,51.07,15.33,0.0,18750.03,13099.22,14.21,10340.61,9417.35,45.39,104.82,4.84,3.67,16.95,54.16,6.15,4.24,2.72,2.44,0.4,27.88,1.85,0.92,0.37,5.62,955.27,955.27,21217.8,0.31,0.49,0.38,0.37,0.44,1690.73,580.07,0.02,0.26,0.35,0.03,0.0,0.0,0.08,0.1,0.01,0.03,0.4,0.08,0.3,0.89,JUNGLE,JUNGLE,2.45,5.33,366.96,666.34
10,Kayle,4.99,5.74,4.99,342,20142.94,22728.69,14596.45,5133.63,412.04,3.52,8.28,1293.31,2.24,10228.96,15606.06,15.54,11964.67,10991.4,207.63,11.86,4.99,2.09,18.63,15.93,8.59,1.76,0.51,0.46,0.32,26.24,1.88,0.81,0.36,5.54,5971.12,5971.12,11722.0,0.26,0.53,0.38,0.36,0.39,1677.51,583.22,0.01,0.26,0.49,0.08,0.01,0.0,0.08,0.07,0.06,0.01,1.85,0.28,0.5,1.01,TOP,TOP,1.74,7.85,427.94,720.46
11,MasterYi,8.03,6.17,5.31,420,20905.72,32375.98,1198.18,13647.45,6059.22,38.44,7.52,0.0,0.0,26316.7,14083.3,14.69,12086.84,11052.35,33.26,148.89,8.03,1.32,19.56,20.77,4.39,3.52,0.79,0.71,0.34,26.21,1.83,0.78,0.46,5.42,2403.45,2403.45,36311.52,0.27,0.53,0.36,0.46,0.45,1648.72,553.32,0.01,0.29,1.21,0.28,0.04,0.0,0.1,0.09,0.05,0.03,0.89,0.19,0.37,0.92,JUNGLE,JUNGLE,2.16,6.63,439.86,760.8
12,Alistar,1.67,5.95,13.55,300,8235.99,23895.1,6201.13,1185.09,848.99,1.43,51.21,3964.77,440.66,29183.69,9353.87,11.8,7294.0,6558.73,22.68,0.18,1.67,6.37,20.94,58.01,27.73,4.68,4.19,3.58,0.26,26.23,1.64,0.79,0.42,5.17,770.63,770.63,1467.2,0.23,0.45,0.37,0.42,0.44,1573.16,494.48,0.01,0.34,0.06,0.0,0.0,0.0,0.03,0.16,0.01,0.12,0.19,0.07,0.44,0.78,UTILITY,BOTTOM,2.56,0.87,278.19,314.12
13,Ryze,4.99,4.88,6.09,172,23058.7,25679.0,21884.72,999.83,173.56,0.15,25.51,1.36,0.0,17157.71,16079.74,15.66,11535.28,10569.22,206.25,9.02,4.99,3.58,21.4,17.49,9.31,1.43,1.16,1.06,0.44,26.02,1.95,0.92,0.41,5.63,3816.8,3816.8,9927.04,0.34,0.52,0.42,0.41,0.49,1653.13,616.17,0.01,0.27,0.44,0.1,0.0,0.0,0.05,0.05,0.06,0.02,1.09,0.17,0.47,0.8,MIDDLE,MIDDLE,2.27,7.81,418.67,836.91
14,Sion,4.07,6.87,6.47,295,21427.8,46143.71,6714.15,14279.31,433.46,79.49,40.86,0.45,0.0,61531.95,15624.41,15.59,12024.61,11241.34,198.57,11.57,4.07,1.78,21.06,16.35,8.16,1.29,0.61,0.51,0.36,27.65,1.99,0.87,0.47,5.9,6571.79,6571.79,10878.18,0.31,0.56,0.43,0.47,0.54,1729.81,494.73,0.01,0.29,0.22,0.03,0.0,0.0,0.08,0.07,0.16,0.03,1.89,0.18,0.46,0.96,TOP,TOP,1.53,7.29,417.08,743.24
15,Sivir,5.53,5.34,8.08,285,24658.48,20171.65,368.8,23948.86,340.15,604.43,1.62,16.73,0.89,11872.18,13645.67,14.54,12230.51,11210.64,218.2,8.38,5.53,1.96,19.86,15.56,8.12,2.76,0.59,0.51,0.35,26.85,1.93,0.81,0.4,5.63,4766.72,4766.72,13182.42,0.28,0.49,0.42,0.4,0.48,1692.22,578.61,0.01,0.26,0.7,0.11,0.02,0.0,0.11,0.1,0.11,0.08,1.65,0.21,0.55,0.85,BOTTOM,BOTTOM,2.55,8.03,433.65,874.3
16,Soraka,0.83,4.93,13.87,309,5431.72,15389.83,4354.31,713.95,362.73,0.0,33.25,18841.41,1426.92,7394.96,10072.06,12.3,7273.04,6547.72,24.16,0.28,0.83,5.67,21.05,56.64,26.03,5.31,3.4,3.02,0.37,24.79,1.83,0.8,0.45,5.21,739.34,739.34,1991.18,0.29,0.45,0.36,0.45,0.43,1647.19,581.77,0.02,0.35,0.02,0.0,0.0,0.0,0.02,0.14,0.03,0.12,0.32,0.05,0.47,0.85,UTILITY,BOTTOM,2.98,0.89,264.93,197.85
17,Teemo,4.68,5.72,5.62,208,26449.99,21862.47,21504.3,3218.7,1726.01,1.78,42.04,3.74,0.0,11132.35,14738.12,15.03,11042.23,10168.15,165.77,16.55,4.68,2.91,19.34,21.5,9.73,2.48,0.87,0.74,0.42,27.41,1.99,0.88,0.43,5.58,4100.03,4100.03,10768.77,0.33,0.54,0.38,0.43,0.46,1706.26,587.37,0.0,0.28,0.3,0.01,0.0,0.0,0.11,0.05,0.06,0.0,1.36,0.26,0.44,0.9,TOP,TOP,1.8,6.41,388.3,930.1
18,Tristana,8.08,5.31,4.81,454,22840.16,20044.32,2209.68,19975.69,653.87,586.41,7.14,1.36,0.0,10778.28,12970.9,14.04,12415.98,11432.16,187.11,8.02,8.08,2.26,19.62,16.16,8.07,2.8,0.73,0.62,0.34,26.5,1.84,0.94,0.43,5.8,7192.08,7192.08,16086.76,0.27,0.55,0.43,0.43,0.52,1622.92,562.41,0.02,0.29,1.05,0.19,0.03,0.0,0.16,0.09,0.2,0.06,2.18,0.32,0.59,0.73,BOTTOM,BOTTOM,2.43,7.21,459.02,844.41
19,Warwick,6.54,6.05,6.25,323,17151.6,37442.86,8271.98,8311.46,567.29,3.38,26.98,0.0,0.06,31151.69,13667.04,14.57,10961.54,10004.36,91.86,75.02,6.54,1.98,19.19,17.68,6.31,2.07,1.12,0.97,0.32,27.22,1.95,0.85,0.42,5.5,2709.04,2709.04,21002.57,0.27,0.55,0.42,0.42,0.49,1629.72,534.97,0.01,0.32,0.49,0.03,0.0,0.0,0.14,0.07,0.07,0.03,0.97,0.16,0.41,0.67,JUNGLE,JUNGLE,2.11,6.14,403.56,631.46
20,Nunu,4.68,5.59,10.76,309,15123.97,38005.18,13425.72,1018.86,678.52,3.72,32.95,29.59,0.0,34664.09,13133.87,14.2,10423.83,9461.55,27.98,130.63,4.68,1.88,17.98,18.43,4.16,2.62,1.37,1.16,0.4,27.19,1.98,0.84,0.47,5.46,763.39,763.39,31226.09,0.34,0.58,0.41,0.47,0.5,1631.55,535.19,0.02,0.27,0.29,0.0,0.0,0.0,0.08,0.16,0.01,0.03,0.39,0.06,0.44,0.83,JUNGLE,JUNGLE,2.76,5.83,383.33,556.18
21,MissFortune,6.76,5.53,7.07,595,22744.67,19374.52,1126.35,20913.45,703.96,789.34,8.0,12.28,0.0,12280.73,12956.88,14.19,12167.61,11236.07,195.68,4.73,6.76,2.19,19.7,16.62,8.42,2.69,0.82,0.68,0.32,27.53,1.89,0.8,0.46,5.45,5040.54,5040.54,13020.04,0.27,0.49,0.39,0.46,0.47,1664.44,587.16,0.01,0.31,0.82,0.11,0.02,0.0,0.12,0.1,0.13,0.04,1.54,0.19,0.48,0.88,BOTTOM,BOTTOM,2.5,7.22,438.62,819.9
22,Ashe,4.85,5.94,8.47,254,19032.66,18603.2,1841.84,16788.48,401.53,343.22,43.21,31.18,0.0,10230.44,12606.46,13.9,10884.0,10005.03,176.8,5.12,4.85,2.22,20.69,21.97,8.77,2.85,0.83,0.71,0.37,27.43,1.82,0.87,0.43,5.52,3927.37,3927.37,11684.78,0.3,0.48,0.41,0.43,0.46,1669.84,550.98,0.02,0.3,0.54,0.06,0.0,0.0,0.11,0.12,0.07,0.04,1.33,0.25,0.48,0.83,BOTTOM,BOTTOM,2.24,6.54,391.08,683.87
23,Tryndamere,5.68,6.16,3.92,252,20754.92,37625.0,416.4,19414.56,923.3,730.88,10.53,0.0,0.0,32550.48,15684.12,15.48,12689.37,11914.55,201.3,21.5,5.68,1.73,20.58,16.92,8.03,1.81,0.33,0.29,0.29,26.06,1.76,0.93,0.42,6.18,9182.77,9182.77,16995.87,0.23,0.43,0.42,0.42,0.6,1668.76,534.1,0.01,0.27,0.48,0.07,0.01,0.0,0.19,0.03,0.29,0.02,2.81,0.37,0.55,0.81,TOP,TOP,1.56,8.01,456.24,746.24
24,Jax,5.23,5.22,4.5,405,19991.56,29269.49,8258.12,11251.86,480.84,137.01,17.85,0.0,0.0,24217.82,14259.23,14.86,11165.03,10399.25,166.05,16.39,5.23,2.39,20.81,16.06,8.75,1.32,1.05,0.87,0.3,26.42,1.83,0.88,0.44,5.74,7511.36,7511.36,13492.15,0.27,0.48,0.42,0.44,0.45,1617.13,571.97,0.01,0.28,0.4,0.06,0.01,0.0,0.1,0.05,0.16,0.01,2.28,0.32,0.48,0.76,TOP,TOP,1.86,6.77,414.25,741.74
25,Morgana,2.94,5.84,11.85,175,15216.9,21943.66,13300.97,952.99,962.12,0.0,54.13,238.1,1191.51,12048.75,11364.81,13.1,8861.45,7991.43,54.1,24.03,2.94,5.35,20.27,50.21,21.97,5.18,3.2,2.89,0.36,27.49,1.87,0.82,0.46,5.38,1166.7,1166.7,8808.92,0.3,0.49,0.43,0.46,0.46,1657.82,555.29,0.02,0.31,0.17,0.01,0.0,0.0,0.03,0.19,0.03,0.06,0.41,0.1,0.43,0.77,UTILITY,BOTTOM,2.53,2.83,320.71,550.73
26,Zilean,1.74,4.39,13.6,238,8962.99,18879.93,7130.83,1360.41,471.03,0.16,26.04,3236.5,829.65,10060.27,11535.64,13.34,8079.85,7271.79,55.47,0.42,1.74,6.15,21.53,54.9,24.72,5.79,3.59,3.12,0.3,26.77,1.73,0.71,0.42,5.27,1223.16,1223.16,2794.06,0.26,0.5,0.37,0.42,0.45,1667.31,629.55,0.01,0.29,0.04,0.0,0.0,0.0,0.04,0.13,0.03,0.08,0.43,0.09,0.43,0.93,UTILITY,BOTTOM,3.49,2.01,290.76,322.54
27,Singed,4.13,5.56,7.53,214,19999.21,30343.3,18489.21,1061.94,447.24,0.0,32.64,0.0,0.0,28594.6,14935.5,14.99,10956.57,10207.73,190.77,6.22,4.13,2.28,19.87,16.17,8.79,1.17,0.44,0.41,0.33,26.72,1.82,0.72,0.36,4.99,2903.5,2903.5,6061.26,0.29,0.46,0.35,0.36,0.43,1667.61,549.64,0.02,0.28,0.29,0.04,0.01,0.0,0.13,0.07,0.07,0.02,1.12,0.13,0.31,1.05,TOP,TOP,2.1,7.09,394.21,719.56
28,Evelynn,8.05,4.75,6.31,203,20461.77,30308.81,18530.31,651.8,1278.69,0.0,14.19,3.52,0.0,18032.14,13840.55,14.62,11172.22,10310.52,16.32,144.87,8.05,2.03,16.2,20.18,9.06,1.31,1.26,1.06,0.33,27.99,1.55,0.77,0.39,5.24,871.67,871.67,23892.44,0.26,0.39,0.35,0.39,0.48,1660.81,590.0,0.0,0.32,0.58,0.06,0.0,0.0,0.14,0.04,0.01,0.05,0.35,0.12,0.29,0.86,JUNGLE,JUNGLE,3.02,5.82,403.62,739.22
29,Twitch,9.26,6.11,6.02,650,25309.47,20208.16,611.85,21791.47,2905.19,614.74,7.81,1.02,0.0,10994.95,12851.18,14.05,12219.84,11260.6,174.68,6.18,9.26,1.99,20.11,14.68,7.88,2.38,0.47,0.42,0.36,28.96,1.91,0.77,0.43,5.44,4137.18,4137.18,11725.86,0.29,0.48,0.39,0.43,0.4,1674.84,545.69,0.01,0.28,1.34,0.23,0.05,0.01,0.15,0.12,0.09,0.05,1.37,0.19,0.44,0.85,BOTTOM,BOTTOM,2.5,6.48,437.77,906.69
30,Karthus,7.64,7.12,9.34,193,32686.61,31010.38,30397.9,321.69,1966.03,0.0,18.05,0.0,0.0,15184.79,15424.12,15.21,12603.51,11635.96,74.6,133.64,7.64,2.65,20.06,18.27,6.41,2.04,1.49,0.94,0.39,29.21,1.94,0.89,0.4,5.61,1220.48,1220.48,24995.2,0.29,0.5,0.42,0.4,0.5,1699.92,498.48,0.01,0.28,0.81,0.1,0.01,0.0,0.12,0.08,0.04,0.04,0.51,0.1,0.28,0.92,JUNGLE,JUNGLE,2.38,7.35,444.85,1153.7
31,Chogath,5.6,5.53,5.88,505,21079.03,38737.1,13470.72,3462.72,4144.62,2.71,72.37,0.54,2.66,36856.75,14912.47,15.28,11156.62,10360.92,181.86,7.72,5.6,2.87,20.65,17.26,8.62,1.61,0.6,0.51,0.38,27.66,1.99,0.75,0.44,5.41,4094.92,4094.92,10562.9,0.31,0.5,0.4,0.44,0.46,1701.74,581.07,0.01,0.25,0.32,0.03,0.0,0.0,0.08,0.09,0.09,0.03,1.33,0.1,0.4,0.91,TOP,TOP,2.08,6.68,393.36,743.21
32,Amumu,4.16,6.09,10.25,331,15437.95,31559.27,11856.82,1478.73,2101.44,3.89,35.84,60.53,62.72,30207.07,12714.66,13.94,10055.11,9232.49,25.42,115.22,4.16,3.61,20.14,25.98,8.38,3.05,2.42,2.09,0.38,28.15,1.83,0.84,0.42,5.36,785.64,785.64,24658.45,0.31,0.47,0.38,0.42,0.43,1656.67,522.07,0.02,0.28,0.3,0.02,0.0,0.0,0.08,0.13,0.01,0.03,0.28,0.08,0.35,0.9,JUNGLE,JUNGLE,2.37,5.09,364.17,559.12
33,Rammus,4.26,5.11,11.67,54,14919.76,32770.63,11366.87,2709.39,842.83,35.19,45.43,228.85,8.96,66733.37,13583.39,14.65,10667.17,9798.33,38.81,112.56,4.26,2.06,19.83,22.87,7.11,2.96,1.07,0.98,0.37,29.35,1.72,0.87,0.52,5.76,1356.28,1356.28,19997.44,0.35,0.39,0.44,0.52,0.5,1743.33,666.98,0.0,0.3,0.15,0.0,0.0,0.0,0.11,0.13,0.04,0.07,0.63,0.06,0.35,1.0,JUNGLE,JUNGLE,3.12,5.21,367.13,513.49
34,Anivia,4.86,4.84,8.09,200,20757.44,29757.5,18161.36,1505.63,1089.52,0.0,45.6,9.26,0.0,16537.98,15871.88,15.61,11195.1,10367.8,186.04,4.0,4.86,4.11,21.58,23.56,12.26,2.37,1.66,1.46,0.38,28.41,1.97,1.0,0.46,5.97,2750.36,2750.36,7602.3,0.3,0.48,0.44,0.46,0.54,1733.59,637.21,0.0,0.32,0.28,0.02,0.0,0.0,0.06,0.12,0.04,0.04,0.94,0.14,0.48,0.82,MIDDLE,MIDDLE,2.68,6.58,387.47,718.42
35,Shaco,6.42,5.48,8.61,360,20205.41,26373.26,12367.32,5624.16,2212.96,302.62,30.86,11.9,0.0,13631.36,13219.56,14.13,10849.86,9959.67,27.99,111.78,6.42,2.91,19.61,31.31,8.81,4.53,1.84,1.66,0.41,28.28,1.99,0.89,0.44,5.58,1229.15,1229.15,20796.4,0.33,0.52,0.41,0.44,0.51,1705.22,587.78,0.02,0.25,0.41,0.03,0.0,0.0,0.16,0.14,0.03,0.06,0.49,0.11,0.33,0.84,JUNGLE,JUNGLE,2.74,4.92,381.76,710.95
36,DrMundo,3.2,4.41,5.18,239,21211.63,49550.79,11894.01,9001.53,315.51,2.83,14.07,0.0,0.0,36696.46,14587.48,14.99,10651.4,9866.28,172.38,22.56,3.2,1.74,18.21,14.96,7.11,1.47,0.53,0.4,0.31,24.84,1.86,0.81,0.34,5.59,6711.38,6711.38,13544.87,0.25,0.53,0.41,0.34,0.46,1634.75,601.32,0.02,0.29,0.26,0.02,0.0,0.0,0.05,0.08,0.12,0.0,1.85,0.17,0.38,0.8,TOP,TOP,1.9,7.15,390.94,778.53
37,Sona,1.79,4.89,13.51,257,9673.82,19037.2,7515.27,1953.46,204.4,0.0,15.68,9715.48,5644.41,11772.28,10437.17,12.57,7719.9,6825.74,25.04,0.54,1.79,4.47,20.37,56.5,26.59,5.48,2.35,2.09,0.3,25.38,1.79,0.86,0.45,5.6,1646.34,1646.34,4148.33,0.26,0.44,0.43,0.45,0.43,1647.68,601.58,0.02,0.23,0.07,0.0,0.0,0.0,0.05,0.11,0.05,0.13,0.62,0.15,0.63,0.89,UTILITY,BOTTOM,3.13,0.93,281.12,352.27
38,Kassadin,5.87,4.7,4.83,125,19678.94,25249.05,17140.03,1420.17,1117.77,0.0,4.56,0.0,0.0,18374.49,14358.7,14.8,10738.23,9985.88,176.87,1.91,5.87,1.39,18.55,13.6,5.99,1.89,0.3,0.25,0.21,24.5,1.52,0.69,0.27,4.98,3119.65,3119.65,4338.35,0.18,0.42,0.32,0.27,0.4,1590.24,590.17,0.02,0.28,0.65,0.1,0.0,0.0,0.02,0.02,0.04,0.01,1.06,0.14,0.33,0.98,MIDDLE,MIDDLE,2.28,6.75,405.16,742.49
39,Irelia,6.34,6.76,4.29,310,21738.85,31164.15,5372.76,15814.52,550.7,22.58,15.42,0.0,0.0,29403.95,14915.69,15.12,12492.84,11616.71,213.22,7.35,6.34,2.07,21.0,14.77,7.9,1.25,0.58,0.5,0.36,27.08,1.93,0.94,0.43,5.91,6921.15,6921.15,13610.56,0.29,0.5,0.41,0.43,0.55,1652.73,483.12,0.02,0.29,0.6,0.08,0.01,0.0,0.13,0.08,0.2,0.02,2.21,0.36,0.55,0.84,TOP,TOP,1.57,8.01,453.53,789.2
40,Janna,1.32,4.42,14.08,412,7545.25,16820.0,6144.0,1139.08,261.47,0.0,33.5,5085.42,6067.61,8520.5,10163.99,12.44,7587.23,6779.78,24.24,0.3,1.32,5.91,21.19,63.96,29.19,6.41,3.66,3.23,0.33,25.62,1.77,0.81,0.39,5.51,1336.63,1336.63,3106.94,0.29,0.46,0.4,0.39,0.47,1655.73,628.85,0.0,0.29,0.03,0.0,0.0,0.0,0.03,0.18,0.04,0.13,0.47,0.15,0.6,0.91,UTILITY,BOTTOM,3.48,0.89,274.94,273.42
41,Gangplank,5.63,5.11,5.51,167,23753.34,26260.8,3627.77,15935.65,4188.89,909.66,11.59,9.82,0.0,16780.11,15150.81,15.19,12618.25,11792.25,199.54,5.28,5.63,2.14,20.34,15.77,8.01,1.3,0.74,0.67,0.32,27.08,1.9,0.72,0.46,5.31,5510.84,5510.84,10788.35,0.25,0.47,0.38,0.46,0.51,1633.26,566.31,0.02,0.34,0.4,0.09,0.01,0.0,0.08,0.05,0.14,0.02,1.72,0.14,0.35,0.83,TOP,TOP,2.18,7.52,463.55,872.61
42,Corki,6.35,5.36,6.4,666,23659.71,21030.57,5371.67,15163.73,3123.33,362.57,1.68,4.34,0.0,12589.21,13096.11,14.15,11665.2,10778.73,197.33,7.42,6.35,2.02,20.62,15.15,7.72,2.47,0.59,0.51,0.3,26.55,1.84,0.79,0.45,5.4,4970.15,4970.15,11854.87,0.25,0.52,0.37,0.45,0.51,1631.0,564.7,0.02,0.3,0.71,0.07,0.01,0.0,0.17,0.11,0.18,0.06,1.6,0.23,0.47,0.87,BOTTOM,BOTTOM,2.38,7.53,429.13,870.38
43,Karma,2.27,5.05,12.49,907,13755.8,18473.62,12144.49,1058.56,552.06,0.01,29.37,964.99,5254.94,12763.96,10889.08,12.81,8281.06,7472.91,57.65,0.73,2.27,6.11,21.47,55.19,24.97,5.68,3.7,3.29,0.33,26.63,1.84,0.83,0.44,5.44,1381.79,1381.79,3578.14,0.27,0.51,0.41,0.44,0.52,1650.87,579.5,0.01,0.33,0.08,0.0,0.0,0.0,0.05,0.16,0.04,0.11,0.46,0.11,0.5,0.83,UTILITY,BOTTOM,2.92,2.12,300.97,499.95
44,Taric,1.69,5.71,13.77,115,6860.29,23903.2,4020.63,2166.8,672.1,0.5,35.79,5844.97,2901.25,24212.98,10296.7,12.42,7770.05,6908.52,37.63,4.87,1.69,4.67,19.04,50.21,22.77,5.03,2.59,2.29,0.3,25.9,1.89,0.82,0.36,5.62,1399.28,1399.28,5558.84,0.25,0.57,0.43,0.36,0.52,1614.04,514.43,0.01,0.32,0.01,0.0,0.0,0.0,0.11,0.23,0.06,0.19,0.61,0.12,0.55,0.92,UTILITY,BOTTOM,2.71,1.58,288.84,255.02
45,Veigar,5.45,5.32,5.91,222,21659.74,20956.52,20395.44,816.29,447.14,0.0,20.39,37.79,1.88,11852.93,14937.07,15.3,11579.21,10583.85,191.32,2.94,5.45,3.55,19.53,20.09,10.35,2.03,1.2,1.05,0.31,26.18,1.7,0.82,0.4,5.37,4040.53,4040.53,9171.91,0.25,0.41,0.39,0.4,0.48,1701.21,607.67,0.0,0.26,0.43,0.05,0.0,0.0,0.01,0.09,0.07,0.02,1.23,0.22,0.5,1.12,MIDDLE,MIDDLE,2.14,6.85,408.39,763.92
48,Trundle,4.36,6.65,5.02,94,17726.45,37374.37,2462.94,14810.77,451.97,11.1,18.84,0.0,18.44,27974.26,14984.66,15.27,11984.94,11140.72,170.2,32.35,4.36,1.86,20.34,17.18,7.74,1.89,0.63,0.59,0.28,26.13,1.79,1.19,0.44,6.35,10070.71,10070.71,19607.53,0.21,0.39,0.44,0.44,0.57,1674.31,494.07,0.01,0.2,0.3,0.04,0.0,0.0,0.17,0.04,0.29,0.04,2.87,0.53,0.69,0.99,TOP,TOP,1.41,7.26,429.49,635.24
50,Swain,4.49,6.02,9.41,327,21012.74,32684.95,18871.35,1505.27,635.27,0.12,46.53,21.3,10.28,19837.32,12622.53,13.94,9949.65,9158.79,134.36,1.22,4.49,3.81,20.08,29.27,13.7,3.18,1.54,1.3,0.34,27.31,1.84,0.82,0.41,5.23,1891.07,1891.07,5254.62,0.28,0.49,0.39,0.41,0.45,1679.07,564.16,0.01,0.27,0.44,0.06,0.01,0.0,0.09,0.11,0.04,0.08,0.59,0.1,0.38,0.94,BOTTOM,BOTTOM,2.31,4.84,355.54,750.87
51,Caitlyn,6.2,5.6,5.9,765,21972.19,18725.51,636.93,20789.87,544.54,1282.13,17.27,2.93,0.0,10265.62,12895.19,14.07,11923.97,10899.78,198.8,5.61,6.2,2.15,18.99,15.61,8.04,2.7,0.66,0.56,0.36,26.36,1.95,0.88,0.43,5.67,6004.41,6004.41,15701.05,0.29,0.51,0.42,0.43,0.55,1671.12,563.37,0.01,0.3,0.68,0.1,0.01,0.0,0.1,0.09,0.18,0.06,1.79,0.28,0.54,0.87,BOTTOM,BOTTOM,2.16,7.34,428.12,788.89
53,Blitzcrank,1.97,5.88,13.51,219,9177.0,22187.67,5361.45,2877.65,937.15,2.52,42.76,77.11,665.05,19735.35,9943.17,12.27,7684.26,6869.5,25.62,0.4,1.97,7.09,22.14,61.9,29.21,5.29,4.81,4.27,0.37,28.93,1.96,0.84,0.46,5.77,787.37,787.37,1815.83,0.32,0.53,0.45,0.46,0.49,1655.95,582.63,0.01,0.25,0.05,0.0,0.0,0.0,0.05,0.26,0.02,0.06,0.28,0.07,0.39,0.75,UTILITY,BOTTOM,2.63,0.94,278.42,332.51
54,Malphite,4.33,4.69,7.46,271,20635.88,23639.85,14859.74,5420.92,354.62,10.3,31.94,7.57,0.0,45929.25,14685.59,15.13,10462.22,9740.02,173.75,2.29,4.33,3.03,20.56,16.54,8.35,1.58,0.87,0.73,0.37,29.2,1.9,0.83,0.5,5.42,2988.23,2988.23,5760.02,0.3,0.49,0.41,0.5,0.48,1688.84,655.84,0.01,0.29,0.21,0.0,0.0,0.0,0.06,0.06,0.08,0.02,1.04,0.11,0.37,0.97,TOP,TOP,2.51,6.25,371.69,733.14
55,Katarina,9.37,6.06,5.43,321,24014.05,23868.75,20220.41,2070.12,1722.59,0.0,1.72,2.17,0.0,13696.28,13957.8,14.79,11868.23,11073.08,171.81,1.5,9.37,1.6,18.51,15.24,6.83,1.72,0.77,0.67,0.29,29.06,1.96,0.84,0.47,5.5,3231.89,3231.89,5469.07,0.24,0.55,0.42,0.47,0.54,1644.76,535.45,0.01,0.29,1.37,0.31,0.06,0.01,0.12,0.06,0.05,0.05,1.05,0.18,0.44,0.77,MIDDLE,MIDDLE,2.44,6.32,432.95,876.02
56,Nocturne,6.3,5.46,9.08,304,18822.88,40837.34,1324.41,16087.74,1409.74,11.03,160.63,0.0,0.0,29707.51,14907.81,15.23,12061.12,11146.92,42.59,150.57,6.3,2.5,22.23,22.07,6.12,3.28,1.82,1.59,0.39,29.82,2.1,0.98,0.46,6.04,1977.94,1977.94,30585.21,0.32,0.48,0.47,0.46,0.54,1752.18,619.97,0.01,0.3,0.46,0.03,0.0,0.0,0.1,0.08,0.05,0.03,0.83,0.19,0.44,0.8,JUNGLE,JUNGLE,2.82,6.61,413.01,644.55
57,Maokai,2.37,6.0,11.51,259,15085.94,33605.78,12484.02,1892.37,708.84,3.58,65.68,193.4,260.29,33376.51,11868.86,13.52,8760.61,7961.25,71.89,14.28,2.37,4.97,21.06,43.09,18.43,4.74,2.93,2.58,0.36,28.03,1.91,0.96,0.44,5.59,1612.37,1612.37,7131.42,0.27,0.46,0.44,0.44,0.45,1706.59,551.6,0.01,0.27,0.1,0.0,0.0,0.0,0.07,0.15,0.05,0.06,0.51,0.08,0.44,0.94,UTILITY,BOTTOM,2.31,3.03,308.0,530.39
58,Renekton,4.7,5.55,5.07,330,19340.87,34438.66,2809.66,15955.35,574.97,33.89,22.22,0.0,0.0,29693.17,14484.29,14.96,11017.35,10230.91,191.6,3.21,4.7,2.1,19.83,16.1,8.15,1.59,0.7,0.62,0.28,26.34,1.81,0.75,0.47,5.25,4586.13,4586.13,7777.5,0.22,0.47,0.36,0.47,0.52,1630.88,546.37,0.02,0.29,0.26,0.03,0.0,0.0,0.13,0.05,0.16,0.02,1.46,0.13,0.35,0.83,TOP,TOP,1.76,7.17,405.33,711.55
59,JarvanIV,5.59,5.37,12.65,449,16372.45,30019.94,1286.96,14111.81,972.75,190.0,24.03,5.88,57.79,41012.06,13366.33,14.4,10951.49,10080.43,27.58,128.25,5.59,3.08,20.88,25.16,6.14,4.09,2.26,2.02,0.32,28.59,2.01,0.82,0.39,5.53,1528.15,1528.15,25889.53,0.27,0.57,0.41,0.39,0.49,1653.17,568.96,0.01,0.31,0.41,0.03,0.0,0.0,0.09,0.15,0.02,0.08,0.57,0.11,0.52,0.82,JUNGLE,JUNGLE,3.4,5.66,397.47,594.22
60,Elise,6.25,6.67,8.75,421,17604.77,22969.7,14637.08,1571.93,1394.8,0.48,27.04,2.41,0.0,10390.89,10658.43,12.67,9688.97,8843.03,29.28,35.22,6.25,5.09,20.27,52.81,21.22,5.72,3.21,2.79,0.37,28.73,1.86,0.88,0.44,5.63,1740.54,1740.54,11159.97,0.3,0.51,0.4,0.44,0.55,1626.08,501.19,0.01,0.33,0.39,0.03,0.0,0.0,0.14,0.2,0.05,0.11,0.58,0.15,0.41,0.75,UTILITY,BOTTOM,2.25,2.38,357.51,649.59
61,Orianna,5.13,5.03,8.01,252,21841.58,18261.99,20383.34,1250.95,206.62,0.0,22.7,14.88,1973.59,12394.65,14308.86,14.88,10949.65,10059.92,191.68,3.13,5.13,3.66,20.58,16.5,8.36,1.97,1.25,1.09,0.27,26.37,1.81,0.83,0.43,5.48,3181.58,3181.58,6900.83,0.24,0.5,0.42,0.43,0.48,1638.68,622.19,0.02,0.27,0.45,0.05,0.0,0.0,0.06,0.06,0.03,0.01,0.95,0.12,0.46,0.93,MIDDLE,MIDDLE,2.61,7.13,400.92,799.73
62,MonkeyKing,6.22,4.97,7.34,392,18403.72,33823.83,2325.77,15076.19,1000.83,163.26,14.98,0.0,0.0,30903.38,14109.11,14.76,11480.17,10599.54,65.24,111.93,6.22,2.67,21.38,22.07,5.71,3.57,1.71,1.56,0.34,27.8,1.96,0.88,0.44,5.76,3299.91,3299.91,26407.52,0.27,0.48,0.43,0.44,0.49,1685.99,602.72,0.01,0.28,0.53,0.05,0.0,0.0,0.13,0.09,0.09,0.03,1.18,0.24,0.5,0.85,JUNGLE,JUNGLE,2.73,6.31,408.55,654.94
63,Brand,4.38,6.8,8.4,173,23464.04,22855.06,21766.6,931.82,764.84,0.0,28.32,31.39,0.0,10497.76,12376.99,13.64,9859.43,9088.09,110.36,16.44,4.38,3.73,19.5,33.43,15.17,3.23,1.49,1.42,0.38,27.53,1.82,0.81,0.39,5.44,1865.73,1865.73,9073.74,0.28,0.42,0.4,0.39,0.53,1694.73,515.38,0.01,0.28,0.29,0.03,0.0,0.0,0.06,0.09,0.03,0.07,0.57,0.09,0.36,0.88,UTILITY,BOTTOM,1.88,4.49,349.06,830.72
64,LeeSin,6.98,5.51,8.05,573,17414.96,34108.28,2601.03,13847.22,965.75,188.07,19.91,0.0,909.09,36379.71,13309.27,14.35,11202.53,10218.26,27.38,135.75,6.98,5.1,20.95,24.88,12.0,2.04,4.25,3.49,0.31,27.13,1.85,0.8,0.41,5.35,1359.62,1359.62,27912.22,0.26,0.52,0.38,0.41,0.54,1638.87,541.77,0.01,0.3,0.61,0.05,0.01,0.0,0.16,0.08,0.04,0.06,0.61,0.1,0.4,0.87,JUNGLE,JUNGLE,2.73,5.97,410.13,637.57
67,Vayne,7.04,6.01,5.2,572,22519.96,22222.67,1081.54,16267.85,5169.65,59.91,9.8,0.24,0.0,14080.91,13234.36,14.22,11724.86,10746.72,180.76,6.51,7.04,2.09,20.41,15.42,7.87,2.44,0.59,0.51,0.41,27.4,1.88,0.82,0.43,5.47,4709.67,4709.67,14718.42,0.33,0.49,0.39,0.43,0.42,1677.59,559.74,0.02,0.27,1.08,0.19,0.03,0.0,0.14,0.09,0.08,0.02,1.5,0.24,0.49,0.87,BOTTOM,BOTTOM,2.04,6.7,419.35,805.44
68,Rumble,5.42,5.43,6.13,216,22999.86,24965.35,21072.87,1099.33,826.77,0.13,14.31,3.15,0.0,22790.57,13925.59,14.75,10719.0,9969.17,151.55,27.94,5.42,3.72,20.17,17.94,8.47,1.37,1.44,1.27,0.31,26.26,1.75,0.64,0.43,4.75,2275.56,2275.56,10293.81,0.25,0.46,0.32,0.43,0.49,1634.39,573.56,0.0,0.4,0.41,0.06,0.0,0.0,0.09,0.08,0.06,0.02,0.83,0.17,0.38,0.83,TOP,TOP,2.13,6.59,393.5,844.35
69,Cassiopeia,5.66,5.69,5.03,209,21898.83,25064.42,21239.41,470.4,188.39,0.03,31.2,5.05,1.34,14827.61,14746.22,15.11,11002.99,10205.57,192.82,5.69,5.66,3.61,21.54,16.31,8.54,1.45,1.14,0.98,0.25,25.33,1.73,0.77,0.41,5.07,2753.73,2753.73,7935.27,0.21,0.47,0.35,0.41,0.45,1630.03,545.33,0.01,0.29,0.52,0.07,0.0,0.0,0.11,0.04,0.05,0.03,0.91,0.13,0.37,0.92,MIDDLE,MIDDLE,1.88,7.31,405.01,806.08
72,Skarner,4.56,4.67,9.86,181,16810.96,39413.57,5484.08,10610.45,715.71,3.08,38.5,2.87,3.81,56557.89,12803.75,13.98,9948.43,9059.78,28.8,121.77,4.56,2.24,17.94,18.24,4.57,2.65,1.41,1.22,0.27,26.29,1.67,0.67,0.4,4.86,1080.13,1080.13,22642.25,0.23,0.44,0.36,0.4,0.46,1628.82,596.56,0.02,0.33,0.23,0.01,0.0,0.0,0.06,0.12,0.02,0.04,0.43,0.1,0.37,0.88,JUNGLE,JUNGLE,3.09,5.55,366.47,619.26
74,Heimerdinger,4.95,6.02,6.28,123,28216.65,20323.49,26607.82,1141.95,466.15,0.0,24.07,5.87,0.0,9176.81,14711.82,15.11,11414.52,10552.52,178.24,3.46,4.95,3.79,20.19,23.77,11.6,2.28,1.59,1.47,0.5,27.29,2.12,0.9,0.53,5.87,3919.93,3919.93,12977.89,0.35,0.52,0.37,0.53,0.51,1756.33,577.7,0.0,0.24,0.5,0.02,0.0,0.0,0.1,0.05,0.15,0.04,1.34,0.24,0.49,0.88,TOP,BOTTOM,1.87,6.21,389.94,963.94
75,Nasus,3.72,4.96,4.97,245,17597.52,35619.62,4966.62,12331.84,298.41,86.82,17.92,2.26,0.0,35430.54,14333.86,14.8,10538.1,9622.36,167.91,13.13,3.72,2.11,18.62,14.49,7.75,1.08,0.4,0.31,0.31,24.77,1.75,0.72,0.4,5.1,5810.35,5810.35,10471.93,0.26,0.52,0.35,0.4,0.39,1614.53,577.85,0.03,0.28,0.26,0.04,0.0,0.0,0.01,0.07,0.07,0.02,1.73,0.24,0.39,0.87,TOP,TOP,1.75,6.73,391.62,653.97
76,Nidalee,6.1,5.0,9.09,124,17766.52,32036.37,14599.07,1425.91,1740.69,0.0,6.52,4901.39,143.12,18351.28,12972.77,14.02,10864.91,9907.71,31.84,118.33,6.1,2.93,18.32,27.54,7.31,4.73,1.76,1.56,0.29,27.47,1.79,0.88,0.34,5.64,1800.56,1800.56,22804.14,0.22,0.44,0.44,0.34,0.52,1621.98,564.25,0.02,0.31,0.59,0.04,0.0,0.0,0.1,0.12,0.04,0.06,0.69,0.15,0.6,0.85,JUNGLE,JUNGLE,3.04,5.56,401.91,657.22
77,Udyr,5.14,4.8,7.29,250,18072.27,33157.76,11094.53,6205.21,771.56,13.3,29.99,0.57,2.18,43317.79,14184.46,14.78,11068.61,10115.7,50.03,138.98,5.14,1.78,18.11,18.95,4.79,2.95,1.14,0.98,0.28,25.2,1.92,0.8,0.4,5.34,2250.83,2250.83,31040.78,0.24,0.51,0.4,0.4,0.49,1616.72,563.28,0.01,0.31,0.43,0.05,0.0,0.0,0.07,0.05,0.03,0.04,0.83,0.19,0.43,0.73,JUNGLE,JUNGLE,2.59,7.01,410.78,670.7
78,Poppy,3.83,6.07,9.37,277,16422.57,26631.64,2313.05,13007.83,1100.9,44.78,37.2,39.32,161.14,33903.87,11946.94,13.48,9300.62,8547.84,74.51,19.09,3.83,5.29,21.87,46.23,20.82,4.65,3.43,3.02,0.38,28.21,1.88,0.87,0.45,5.65,2052.52,2052.52,7785.48,0.29,0.42,0.43,0.45,0.47,1685.19,508.66,0.02,0.28,0.13,0.0,0.0,0.0,0.1,0.12,0.04,0.05,0.69,0.07,0.4,0.79,UTILITY,BOTTOM,2.17,3.33,331.14,584.71
79,Gragas,5.28,5.21,7.17,356,21504.23,30436.49,18929.93,1710.43,863.09,0.03,42.35,6.05,7.22,24733.94,14681.46,15.01,11034.73,10197.63,141.11,32.54,5.28,3.06,20.24,20.41,8.68,2.04,1.13,1.0,0.35,28.81,1.92,1.0,0.46,5.93,3702.76,3702.76,11716.69,0.29,0.46,0.44,0.46,0.49,1702.41,624.63,0.02,0.24,0.32,0.03,0.0,0.0,0.07,0.1,0.11,0.03,1.24,0.16,0.45,0.91,TOP,TOP,2.39,6.12,388.91,757.9
80,Pantheon,6.72,6.07,7.96,791,20425.72,31097.02,811.92,18412.89,1199.99,169.26,24.5,0.12,1.0,23132.13,13004.7,14.15,10779.88,9926.25,69.31,64.79,6.72,3.37,21.85,31.21,11.89,3.7,1.98,1.75,0.37,29.0,1.96,0.87,0.47,5.62,1784.42,1784.42,15804.74,0.29,0.51,0.42,0.47,0.54,1678.92,538.07,0.01,0.29,0.52,0.05,0.0,0.0,0.15,0.12,0.04,0.05,0.69,0.1,0.38,0.82,JUNGLE,JUNGLE,2.42,4.79,385.24,729.96
81,Ezreal,6.27,5.0,6.81,1139,26130.79,21614.24,7806.15,17728.98,594.81,11.9,3.14,3.11,0.0,11997.58,13135.06,14.23,11637.01,10669.01,195.54,4.33,6.27,1.99,20.09,13.89,7.71,2.09,0.59,0.52,0.37,27.21,1.9,0.89,0.45,5.62,4923.31,4923.31,13503.66,0.3,0.48,0.41,0.45,0.53,1680.49,598.93,0.02,0.31,0.71,0.08,0.01,0.0,0.16,0.09,0.13,0.06,1.53,0.24,0.51,0.84,BOTTOM,BOTTOM,2.62,7.14,415.49,932.97
82,Mordekaiser,5.49,6.06,4.27,299,21588.63,31177.47,18325.0,2721.91,540.87,3.65,13.34,0.0,0.0,33997.47,14829.23,15.22,10987.37,10279.41,169.72,13.94,5.49,2.54,19.47,15.63,8.1,1.17,0.53,0.47,0.32,27.64,1.93,0.66,0.43,5.08,3091.23,3091.23,10179.17,0.27,0.5,0.37,0.43,0.47,1699.56,569.31,0.01,0.27,0.36,0.04,0.0,0.0,0.1,0.06,0.1,0.02,1.06,0.11,0.32,0.98,TOP,TOP,1.61,6.48,387.89,762.15
83,Yorick,4.29,4.32,4.96,194,22250.35,28204.5,7822.35,13862.7,564.57,41.01,10.91,0.0,0.0,23411.41,15713.91,15.3,12034.14,11026.25,164.17,51.11,4.29,1.95,19.05,16.49,7.7,1.45,0.66,0.57,0.43,25.24,1.96,1.18,0.43,6.5,7671.93,7671.93,24924.01,0.36,0.49,0.47,0.43,0.58,1681.13,659.11,0.03,0.23,0.35,0.06,0.01,0.0,0.09,0.08,0.18,0.04,2.46,0.51,0.73,0.81,TOP,TOP,2.14,7.68,429.5,794.12
84,Akali,7.31,5.53,4.59,418,22726.23,26111.32,19980.54,1430.45,1314.33,0.05,1.98,5.04,0.0,15249.92,14466.76,15.02,11064.54,10411.99,175.25,0.82,7.31,2.87,19.51,16.82,7.4,1.9,1.07,0.93,0.36,28.18,1.87,0.81,0.47,5.4,2620.76,2620.76,4129.39,0.28,0.5,0.4,0.47,0.46,1663.33,562.71,0.01,0.31,0.78,0.07,0.01,0.0,0.1,0.04,0.03,0.01,0.83,0.08,0.28,0.76,MIDDLE,MIDDLE,2.15,6.35,399.12,819.79
85,Kennen,5.96,4.91,6.43,169,24114.58,19766.4,21182.64,2460.25,470.99,0.0,26.45,14.47,0.0,12157.74,14646.43,15.11,11231.17,10407.57,183.38,1.99,5.96,2.7,18.74,17.35,8.34,1.93,0.89,0.76,0.38,29.55,2.12,0.83,0.43,5.75,4276.63,4276.63,7349.42,0.31,0.58,0.43,0.43,0.53,1645.93,616.69,0.0,0.38,0.47,0.03,0.0,0.0,0.09,0.06,0.09,0.04,1.25,0.18,0.43,0.63,TOP,TOP,2.52,6.76,409.42,879.06
86,Garen,5.57,4.91,3.66,706,20204.11,30195.75,91.28,15079.98,5032.27,571.69,34.37,0.0,0.0,35551.88,15913.06,15.45,12142.49,11155.99,208.08,8.7,5.57,1.69,19.52,16.14,7.91,1.7,0.34,0.28,0.35,26.68,1.9,0.91,0.43,5.78,6596.42,6596.42,10806.16,0.28,0.5,0.4,0.43,0.5,1680.65,620.2,0.02,0.29,0.32,0.03,0.0,0.0,0.09,0.05,0.13,0.01,2.19,0.28,0.47,0.86,TOP,TOP,1.88,7.74,433.49,721.3
89,Leona,1.58,6.57,12.55,339,9597.44,23769.27,5803.98,2909.93,882.71,3.9,48.36,242.98,630.19,27962.18,9654.54,12.02,7516.2,6790.49,27.25,0.32,1.58,6.29,21.85,62.44,27.96,6.63,3.91,3.39,0.32,26.06,1.68,0.66,0.4,4.86,781.73,781.73,2218.22,0.24,0.51,0.33,0.4,0.44,1646.41,506.67,0.01,0.29,0.04,0.0,0.0,0.0,0.05,0.17,0.03,0.05,0.25,0.03,0.31,0.93,UTILITY,BOTTOM,2.15,1.0,273.91,349.76
90,Malzahar,4.29,5.4,7.53,317,21977.04,18850.36,21177.64,559.25,239.41,0.0,55.97,0.0,0.74,12624.04,15236.92,15.36,11556.21,10607.56,208.32,4.58,4.29,3.37,20.09,18.55,9.66,1.76,1.22,1.11,0.38,27.32,1.88,0.94,0.43,5.74,3448.21,3448.21,8588.94,0.31,0.5,0.41,0.43,0.51,1702.91,599.65,0.02,0.26,0.31,0.03,0.0,0.0,0.04,0.07,0.08,0.04,1.13,0.25,0.54,0.95,MIDDLE,MIDDLE,2.19,7.5,407.17,774.33
91,Talon,8.39,5.55,6.28,430,22368.41,31515.42,120.44,20815.36,1431.97,603.11,5.49,0.0,0.0,19245.07,15201.94,15.26,12359.8,11549.01,99.47,99.2,8.39,1.95,22.15,18.82,4.59,2.46,1.02,0.93,0.36,29.0,1.83,0.92,0.5,5.93,2391.74,2391.74,19737.2,0.3,0.42,0.42,0.5,0.52,1683.47,564.43,0.01,0.31,0.79,0.08,0.01,0.0,0.14,0.07,0.03,0.01,0.87,0.14,0.33,0.73,JUNGLE,MIDDLE,2.64,7.08,440.51,797.23
92,Riven,6.04,5.68,4.48,423,19838.82,24275.55,45.29,18739.98,1052.98,225.13,27.56,0.0,0.0,30995.4,14603.2,15.05,11402.79,10594.63,185.13,5.32,6.04,1.91,21.07,15.46,7.83,1.42,0.41,0.35,0.31,27.68,1.89,0.83,0.45,5.5,4600.23,4600.23,7828.13,0.25,0.52,0.43,0.45,0.52,1638.2,545.09,0.01,0.31,0.55,0.11,0.01,0.0,0.19,0.07,0.14,0.01,1.52,0.16,0.39,0.78,TOP,TOP,1.85,6.98,417.63,726.61
96,KogMaw,7.07,6.45,6.15,213,27492.5,21937.72,14286.62,10478.28,2726.58,146.88,9.92,27.11,0.0,14400.3,12964.2,14.14,11864.69,10950.82,185.35,5.33,7.07,2.09,20.25,16.08,7.78,2.84,0.54,0.44,0.35,27.01,1.91,0.92,0.45,5.53,4181.65,4181.65,13726.74,0.31,0.51,0.45,0.45,0.51,1670.99,505.04,0.01,0.27,0.85,0.1,0.01,0.0,0.1,0.04,0.13,0.02,1.43,0.24,0.51,0.82,BOTTOM,BOTTOM,2.05,6.85,426.02,987.17
98,Shen,4.13,5.03,9.94,275,17085.41,31144.76,6857.77,9161.51,1065.31,3.23,34.2,43.85,2333.04,41860.7,13874.69,14.61,9768.61,9127.36,131.19,4.25,4.13,2.52,19.65,23.83,11.67,2.24,1.03,0.92,0.38,28.45,1.86,0.83,0.45,5.17,1624.98,1624.98,4828.74,0.3,0.44,0.37,0.45,0.41,1708.71,594.99,0.01,0.29,0.21,0.0,0.0,0.0,0.1,0.11,0.02,0.03,0.59,0.05,0.39,0.92,TOP,TOP,2.8,4.76,343.02,599.94
99,Lux,4.82,5.2,9.43,564,20107.52,15310.13,18001.61,1287.35,817.68,0.0,40.74,107.9,2318.45,9989.57,12620.53,13.94,10103.28,9286.58,133.61,1.13,4.82,4.58,20.75,34.86,16.47,3.76,2.03,1.83,0.33,27.91,1.9,0.77,0.41,5.43,2384.4,2384.4,5517.9,0.27,0.48,0.38,0.41,0.54,1676.04,591.85,0.01,0.35,0.31,0.02,0.0,0.0,0.09,0.14,0.06,0.08,0.78,0.13,0.41,0.87,MIDDLE,BOTTOM,2.74,4.82,361.68,719.82
101,Xerath,5.27,5.06,9.49,359,24835.05,16196.95,23675.21,751.69,407.46,0.0,28.7,137.58,0.0,7041.72,13022.67,14.04,10274.58,9337.26,128.61,1.03,5.27,4.16,20.3,33.46,16.45,2.96,1.73,1.54,0.4,28.21,1.86,0.96,0.42,5.58,1852.24,1852.24,4913.14,0.31,0.45,0.42,0.42,0.52,1685.11,592.92,0.02,0.29,0.36,0.02,0.0,0.0,0.04,0.15,0.06,0.05,0.67,0.09,0.37,0.83,MIDDLE,MIDDLE,2.92,4.62,365.84,884.28
102,Shyvana,5.33,5.1,6.16,82,21384.7,39483.87,14614.12,5324.99,1444.7,30.43,8.01,0.0,0.0,31217.43,15000.79,15.05,11944.06,10995.61,42.83,170.61,5.33,2.45,19.62,22.74,4.56,4.65,1.56,1.46,0.32,24.49,2.04,0.87,0.41,5.33,2216.16,2216.16,34317.8,0.24,0.59,0.38,0.41,0.43,1675.07,656.59,0.0,0.29,0.57,0.09,0.01,0.0,0.05,0.04,0.06,0.02,0.9,0.26,0.45,0.94,JUNGLE,JUNGLE,2.25,7.65,427.83,765.99
103,Ahri,5.75,4.96,7.37,553,21947.78,20993.37,15247.15,1746.03,4953.58,0.0,19.97,8.54,0.0,10120.14,14543.64,15.04,11131.5,10244.09,192.12,1.06,5.75,3.55,20.27,18.57,8.59,2.29,1.22,1.08,0.37,27.8,1.84,0.86,0.39,5.54,3353.99,3353.99,5974.26,0.3,0.48,0.42,0.39,0.48,1669.43,603.16,0.01,0.3,0.57,0.08,0.01,0.0,0.07,0.07,0.05,0.02,1.03,0.19,0.46,0.84,MIDDLE,MIDDLE,2.65,6.94,400.07,788.81
104,Graves,7.9,5.72,6.5,517,21852.81,27470.43,822.56,18722.64,2306.64,629.33,19.6,0.0,0.0,19360.4,14953.62,15.1,12892.96,11886.45,42.85,162.47,7.9,2.63,21.06,23.65,4.34,4.01,1.86,1.68,0.34,27.19,1.85,0.91,0.43,5.59,2239.79,2239.79,34191.91,0.28,0.47,0.41,0.43,0.46,1680.18,580.61,0.01,0.29,0.91,0.13,0.02,0.01,0.1,0.11,0.03,0.05,0.83,0.14,0.44,0.9,JUNGLE,JUNGLE,2.52,7.33,460.41,780.37
105,Fizz,7.94,5.5,5.61,179,21368.25,21384.85,16662.75,2683.54,2020.93,0.0,13.36,0.0,0.0,11820.85,14220.21,14.92,12026.85,11253.6,174.98,1.89,7.94,3.39,20.51,16.71,5.6,2.55,0.77,0.68,0.34,29.16,2.02,0.84,0.41,5.72,4748.16,4748.16,7049.12,0.28,0.56,0.42,0.41,0.47,1669.82,550.65,0.0,0.33,0.58,0.04,0.0,0.0,0.13,0.04,0.14,0.02,1.49,0.18,0.39,0.87,MIDDLE,MIDDLE,2.46,6.36,432.15,767.8
106,Volibear,5.16,5.73,6.1,409,19251.32,35168.9,8852.34,9731.19,666.86,143.45,28.87,0.0,0.0,43544.08,14173.26,14.71,10872.22,10028.84,107.53,69.76,5.16,2.23,19.8,17.25,6.11,2.19,0.84,0.74,0.28,25.85,1.69,0.82,0.42,5.4,3923.12,3923.12,19494.14,0.22,0.45,0.38,0.42,0.52,1619.56,507.92,0.02,0.3,0.36,0.05,0.01,0.0,0.11,0.08,0.11,0.03,1.31,0.15,0.42,0.88,TOP,JUNGLE,1.97,6.57,402.78,713.21
107,Rengar,7.76,5.71,6.07,288,19480.12,33727.71,1152.19,17092.67,1234.27,885.12,15.03,18.74,4.4,20007.52,14307.39,14.74,11917.58,10959.83,43.85,143.17,7.76,1.83,20.11,20.77,5.4,3.49,0.86,0.76,0.3,27.56,1.7,0.87,0.35,5.69,3557.54,3557.54,27159.55,0.24,0.45,0.39,0.35,0.51,1629.4,554.42,0.01,0.31,0.65,0.09,0.02,0.0,0.14,0.07,0.07,0.04,1.27,0.24,0.38,0.85,JUNGLE,JUNGLE,2.42,6.89,438.85,717.32
110,Varus,6.96,5.82,6.53,441,22984.03,19692.26,7003.32,15604.18,375.78,30.77,26.57,1.66,5.91,11981.44,13197.97,14.34,11758.14,10787.35,191.74,5.29,6.96,2.03,20.39,15.45,8.24,2.54,0.65,0.57,0.33,28.34,1.95,0.94,0.46,5.69,4520.09,4520.09,13180.69,0.28,0.51,0.42,0.46,0.51,1680.46,551.75,0.0,0.27,0.91,0.12,0.02,0.0,0.13,0.07,0.13,0.05,1.48,0.22,0.54,0.83,BOTTOM,BOTTOM,2.32,7.03,419.82,820.63
111,Nautilus,2.0,6.45,13.57,443,9700.05,22396.63,5998.28,2774.63,926.4,3.82,58.85,58.23,797.81,33535.53,10022.91,12.28,7765.58,7035.41,26.99,1.65,2.0,6.84,22.53,62.05,28.77,5.44,4.52,3.94,0.35,27.76,1.88,0.73,0.39,5.21,664.3,664.3,2580.13,0.29,0.5,0.38,0.39,0.45,1667.72,519.56,0.01,0.33,0.07,0.0,0.0,0.0,0.07,0.23,0.02,0.1,0.27,0.05,0.36,0.88,UTILITY,BOTTOM,2.41,1.03,279.38,348.98
112,Viktor,5.01,5.32,6.62,538,25088.57,18449.3,24094.2,687.46,306.23,0.0,24.21,9.25,0.0,15323.51,14664.22,15.1,11060.83,10199.21,197.06,2.37,5.01,3.59,20.31,16.17,8.93,1.68,1.25,1.12,0.35,26.83,1.9,0.85,0.43,5.59,3160.98,3160.98,7333.83,0.28,0.47,0.41,0.43,0.51,1667.29,573.02,0.01,0.32,0.39,0.03,0.01,0.0,0.07,0.06,0.05,0.04,0.99,0.15,0.42,0.78,MIDDLE,MIDDLE,2.19,7.18,398.04,902.85
113,Sejuani,4.02,4.55,10.58,104,16920.72,36422.01,6289.92,9692.89,937.11,10.57,31.05,184.88,19.73,42286.59,13203.04,14.32,10280.27,9569.18,66.62,93.73,4.02,2.82,19.83,20.47,5.95,2.85,1.78,1.54,0.29,28.02,1.81,0.88,0.45,5.42,2209.2,2209.2,20567.44,0.24,0.46,0.47,0.45,0.53,1636.16,619.53,0.02,0.36,0.23,0.02,0.0,0.0,0.03,0.1,0.07,0.04,0.76,0.1,0.44,0.76,JUNGLE,JUNGLE,3.21,5.88,376.99,620.5
114,Fiora,6.01,6.21,4.12,307,23214.91,33283.49,1187.35,14218.6,7807.94,587.08,11.14,1712.4,0.0,30607.15,15497.34,15.41,12336.92,11497.42,198.2,4.73,6.01,1.84,21.64,16.73,8.59,1.73,0.42,0.34,0.38,27.36,1.71,1.18,0.45,6.46,9759.43,9759.43,11942.13,0.3,0.42,0.46,0.45,0.49,1669.15,527.96,0.01,0.31,0.44,0.03,0.0,0.0,0.19,0.05,0.24,0.03,2.88,0.5,0.71,0.81,TOP,TOP,1.63,7.29,443.47,834.49
115,Ziggs,4.82,5.04,7.98,158,25679.57,17424.35,24392.4,993.43,293.02,0.0,16.41,0.68,0.0,8600.09,13810.96,14.68,11512.14,10590.22,199.51,2.5,4.82,3.28,20.22,15.82,8.79,1.66,0.87,0.74,0.3,27.24,1.84,0.85,0.42,5.77,6253.44,6253.44,10452.92,0.25,0.46,0.42,0.42,0.61,1696.68,593.27,0.01,0.26,0.27,0.01,0.0,0.0,0.1,0.08,0.34,0.01,2.73,0.2,0.52,0.79,BOTTOM,BOTTOM,2.54,7.14,407.11,908.11
117,Lulu,1.39,4.54,14.24,1087,7428.21,15545.17,6113.45,1032.87,281.24,0.26,30.99,1218.8,5992.68,8736.08,10349.21,12.53,7603.68,6795.65,26.05,0.41,1.39,6.51,21.68,59.15,27.32,5.53,4.18,3.68,0.32,26.21,1.82,0.81,0.46,5.48,956.9,956.9,3664.21,0.27,0.49,0.4,0.46,0.49,1643.64,626.07,0.01,0.3,0.06,0.0,0.0,0.0,0.06,0.15,0.02,0.14,0.36,0.08,0.54,0.85,UTILITY,BOTTOM,3.44,0.97,277.57,271.16
119,Draven,7.96,6.47,5.63,389,24100.49,21329.04,126.65,23475.87,497.39,955.22,9.7,14.86,0.06,15784.55,12772.68,14.0,13273.56,12292.15,193.26,8.61,7.96,1.95,19.82,13.85,7.39,2.21,0.42,0.36,0.34,27.52,1.96,0.86,0.47,5.56,5476.89,5476.89,16577.12,0.25,0.54,0.4,0.47,0.6,1657.44,508.74,0.0,0.3,0.99,0.13,0.01,0.0,0.2,0.1,0.23,0.07,1.73,0.22,0.52,0.83,BOTTOM,BOTTOM,2.1,7.31,480.51,872.45
120,Hecarim,6.85,5.05,8.11,447,19083.6,40869.17,2855.94,15436.17,790.71,14.4,20.22,0.0,0.0,36529.15,14556.4,14.92,11796.33,10790.18,29.37,168.84,6.85,1.37,19.74,16.84,3.57,2.17,0.92,0.8,0.28,26.94,1.79,0.78,0.43,5.4,1232.76,1232.76,31359.36,0.23,0.47,0.4,0.43,0.49,1612.53,546.65,0.01,0.33,0.77,0.11,0.02,0.0,0.09,0.08,0.01,0.03,0.51,0.13,0.39,0.81,JUNGLE,JUNGLE,2.96,7.38,438.93,710.07
121,Khazix,8.25,5.56,6.39,312,20899.59,35611.86,1146.06,18491.37,1261.12,52.47,9.59,0.0,0.0,21724.17,14655.43,15.02,12257.57,11222.91,22.92,162.49,8.25,2.41,21.06,23.54,4.73,3.41,1.79,1.66,0.38,28.04,2.08,0.76,0.4,5.3,1116.61,1116.61,32194.69,0.3,0.56,0.37,0.4,0.44,1708.36,587.64,0.01,0.27,0.88,0.1,0.01,0.0,0.12,0.06,0.02,0.02,0.54,0.08,0.33,0.93,JUNGLE,JUNGLE,2.63,6.51,430.5,734.02
122,Darius,6.37,5.89,3.93,517,19880.99,31700.8,68.97,15486.84,4324.59,40.37,21.11,0.49,0.0,28184.43,14623.41,14.97,11517.55,10699.42,167.04,24.0,6.37,1.94,20.79,16.99,7.61,1.8,0.63,0.56,0.35,27.61,1.79,0.84,0.46,5.62,4727.47,4727.47,13058.19,0.29,0.45,0.41,0.46,0.5,1658.9,536.38,0.02,0.27,0.72,0.14,0.02,0.01,0.13,0.07,0.13,0.03,1.58,0.13,0.39,0.82,TOP,TOP,1.75,6.91,416.57,719.07
126,Jayce,5.46,5.78,5.91,418,24038.86,24354.04,5096.81,18493.98,447.34,34.78,15.61,0.0,0.0,20052.71,14430.26,14.89,11395.06,10556.22,192.29,5.04,5.46,2.31,20.46,17.62,8.7,2.08,0.84,0.74,0.3,26.39,1.77,0.83,0.44,5.51,6065.44,6065.44,10019.42,0.25,0.49,0.4,0.44,0.53,1627.97,522.36,0.02,0.3,0.39,0.06,0.0,0.0,0.12,0.06,0.18,0.03,1.83,0.23,0.48,0.9,TOP,TOP,1.97,7.27,419.97,885.97
127,Lissandra,4.91,5.45,8.66,151,20131.33,22079.16,18118.85,1195.45,816.13,0.0,48.01,10.08,0.0,11379.17,13961.13,14.8,10683.42,9774.74,182.19,1.87,4.91,3.73,20.15,18.51,9.3,1.9,1.25,1.11,0.29,28.27,1.83,0.71,0.48,5.26,2706.31,2706.31,5111.85,0.24,0.52,0.34,0.48,0.52,1646.72,567.3,0.0,0.34,0.49,0.08,0.01,0.01,0.07,0.09,0.03,0.04,0.77,0.13,0.42,0.89,MIDDLE,MIDDLE,2.49,6.71,389.26,733.51
131,Diana,6.47,5.61,7.5,936,20798.07,29799.58,17132.32,2588.69,1076.07,0.29,10.52,0.64,0.0,39320.66,14626.41,15.02,11900.51,10942.37,53.08,144.23,6.47,2.68,19.51,20.96,4.8,3.23,1.78,1.57,0.37,26.92,1.98,0.92,0.52,5.81,3034.2,3034.2,33378.64,0.32,0.54,0.44,0.52,0.51,1637.92,564.55,0.01,0.31,0.59,0.08,0.01,0.0,0.1,0.07,0.08,0.05,1.1,0.21,0.45,0.76,JUNGLE,JUNGLE,2.49,7.23,435.94,761.87
133,Quinn,7.12,6.53,5.71,173,24379.16,22526.58,172.37,22254.14,1951.98,560.8,28.58,0.79,0.0,11615.2,14719.01,14.98,11590.51,10821.38,177.79,4.07,7.12,1.73,21.72,18.52,7.54,1.58,0.56,0.47,0.35,28.57,1.88,0.8,0.39,5.29,3592.99,3592.99,7717.08,0.25,0.5,0.39,0.39,0.45,1651.47,545.64,0.01,0.31,0.51,0.06,0.01,0.01,0.12,0.05,0.03,0.03,1.19,0.12,0.32,0.83,TOP,TOP,1.96,6.61,421.1,885.73
134,Syndra,5.95,5.1,6.02,565,22968.69,17882.18,20371.1,863.73,1732.86,0.0,36.82,7.99,0.0,8734.12,14587.64,15.01,11670.56,10820.64,197.6,1.91,5.95,3.49,20.05,17.95,9.5,1.87,1.1,0.99,0.35,26.69,1.88,0.87,0.45,5.56,3114.3,3114.3,6050.39,0.27,0.47,0.41,0.45,0.49,1667.41,596.79,0.02,0.29,0.39,0.04,0.0,0.0,0.04,0.08,0.05,0.01,0.99,0.14,0.47,0.81,MIDDLE,MIDDLE,2.35,7.18,419.95,826.5
136,AurelionSol,5.96,5.18,6.87,121,23263.47,20997.58,22499.11,266.84,496.72,0.0,21.74,4.87,0.0,9851.51,14175.79,14.82,11173.74,10231.49,187.87,3.9,5.96,3.26,20.4,15.59,9.02,1.47,0.78,0.68,0.4,26.15,1.57,0.7,0.42,4.85,1690.83,1690.83,8096.4,0.31,0.37,0.32,0.42,0.36,1660.24,601.79,0.02,0.27,0.75,0.17,0.04,0.0,0.04,0.03,0.02,0.01,0.58,0.1,0.26,1.07,MIDDLE,MIDDLE,2.48,6.93,403.81,840.73
141,Kayn,7.26,6.08,6.97,526,20806.71,38294.54,1056.92,18469.34,1279.68,40.31,16.58,0.0,0.0,28249.21,14435.33,14.84,11857.79,10969.88,41.79,142.0,7.26,2.03,20.42,19.22,4.55,2.6,1.28,1.12,0.32,28.2,1.77,0.8,0.38,5.55,1636.54,1636.54,25798.73,0.26,0.45,0.37,0.38,0.45,1691.11,528.44,0.01,0.26,0.64,0.06,0.01,0.0,0.1,0.13,0.03,0.01,0.69,0.1,0.37,0.93,JUNGLE,JUNGLE,2.34,6.52,420.71,738.21
142,Zoe,5.92,5.47,8.06,250,23386.94,18240.8,17796.29,1878.82,3710.84,43.6,37.19,132.9,57.69,8354.87,13022.85,14.08,10406.38,9533.86,138.24,1.19,5.92,4.07,20.18,29.98,13.67,3.2,1.65,1.46,0.36,28.21,1.92,0.92,0.49,5.65,2780.2,2780.2,5621.67,0.28,0.52,0.41,0.49,0.51,1671.57,587.32,0.01,0.32,0.35,0.04,0.01,0.0,0.12,0.12,0.04,0.06,0.85,0.18,0.44,0.82,MIDDLE,MIDDLE,2.56,5.0,373.53,839.46
143,Zyra,3.85,5.66,9.98,331,22300.64,20418.04,19945.2,1188.24,1166.31,0.0,38.66,46.46,0.0,9344.99,12971.3,14.1,10130.24,9177.75,65.29,67.29,3.85,4.19,19.82,41.09,15.54,5.1,2.62,2.34,0.37,27.56,1.99,0.92,0.44,5.66,1471.59,1471.59,15457.78,0.28,0.48,0.4,0.44,0.49,1711.06,579.23,0.01,0.27,0.24,0.01,0.0,0.0,0.08,0.12,0.02,0.1,0.5,0.12,0.46,0.89,UTILITY,BOTTOM,2.44,4.65,355.23,781.99
145,Kaisa,7.31,5.67,6.05,815,22060.16,19500.75,9301.67,12353.35,404.3,112.8,1.96,5.75,0.0,12266.15,12941.58,14.09,11975.2,11042.89,195.01,6.75,7.31,2.05,20.59,14.56,7.56,2.44,0.55,0.47,0.37,26.95,1.82,0.8,0.44,5.42,4157.53,4157.53,13930.0,0.31,0.48,0.4,0.44,0.42,1640.25,546.08,0.02,0.27,0.97,0.14,0.02,0.01,0.15,0.09,0.1,0.03,1.35,0.21,0.47,0.85,BOTTOM,BOTTOM,2.36,7.38,438.05,806.96
147,Seraphine,2.76,5.0,11.79,272,13277.28,16937.62,11520.61,1436.08,319.89,0.0,31.99,3320.53,3069.61,10321.15,11782.4,13.38,8890.64,8036.14,92.85,0.83,2.76,4.95,21.17,43.5,20.22,4.31,2.61,2.25,0.34,26.54,1.81,0.79,0.42,5.34,1738.57,1738.57,4375.71,0.27,0.48,0.41,0.42,0.45,1678.25,584.84,0.01,0.24,0.2,0.01,0.0,0.0,0.06,0.15,0.01,0.1,0.57,0.09,0.47,1.01,UTILITY,BOTTOM,2.91,3.35,317.85,474.68
150,Gnar,4.21,5.37,5.16,190,22463.72,27519.2,4166.79,17982.18,314.05,4.02,32.28,3.95,0.0,22582.46,14811.74,15.2,10941.75,10065.56,186.01,4.14,4.21,2.25,20.28,16.79,8.79,1.47,0.72,0.61,0.34,26.65,1.85,0.77,0.37,5.24,5541.25,5541.25,9835.67,0.29,0.49,0.34,0.37,0.42,1652.55,568.38,0.0,0.37,0.24,0.01,0.0,0.0,0.07,0.08,0.12,0.04,1.66,0.19,0.44,0.83,TOP,TOP,1.74,6.9,397.27,815.6
154,Zac,4.53,4.52,9.97,308,17814.09,40590.59,15464.75,1240.96,1107.37,3.94,39.86,131.79,10.41,39780.44,13347.56,14.27,10380.31,9361.98,63.23,91.24,4.53,2.42,17.79,20.73,6.3,2.79,1.66,1.47,0.38,27.93,1.93,0.84,0.43,5.71,1834.17,1834.17,20633.97,0.34,0.54,0.44,0.43,0.5,1631.78,604.75,0.02,0.31,0.32,0.02,0.0,0.0,0.05,0.1,0.03,0.04,0.62,0.12,0.42,0.74,JUNGLE,JUNGLE,3.21,5.68,381.68,655.02
157,Yasuo,5.35,6.1,5.44,510,19601.0,25266.71,1961.95,16965.64,672.59,539.18,22.83,0.05,0.0,26237.51,14248.04,14.89,11313.48,10436.81,194.87,7.81,5.35,2.14,19.51,15.42,8.15,1.57,0.75,0.66,0.32,26.02,1.89,0.9,0.48,5.64,4529.84,4529.84,11639.45,0.28,0.52,0.41,0.48,0.54,1626.39,522.88,0.01,0.32,0.51,0.09,0.01,0.0,0.14,0.06,0.09,0.02,1.49,0.2,0.46,0.79,MIDDLE,MIDDLE,1.77,7.48,417.37,723.11
161,Velkoz,5.04,6.34,9.43,207,23919.33,18961.48,17362.74,612.03,5943.57,0.0,26.55,293.23,14.85,8030.14,12481.58,13.93,9865.05,8992.85,94.48,1.28,5.04,5.05,21.58,48.76,21.98,4.47,2.71,2.42,0.37,29.14,1.93,0.87,0.45,5.82,1908.05,1908.05,5717.36,0.3,0.5,0.42,0.45,0.58,1740.19,569.05,0.01,0.2,0.38,0.02,0.0,0.0,0.06,0.16,0.06,0.08,0.65,0.16,0.48,0.97,UTILITY,BOTTOM,2.28,3.3,340.14,824.71
163,Taliyah,5.93,5.47,8.54,310,23392.68,20203.68,21623.56,967.62,800.72,0.0,32.0,9.55,0.0,10476.71,14345.4,14.85,11442.57,10538.26,146.14,45.05,5.93,3.52,20.69,19.94,8.6,2.2,1.51,1.36,0.28,27.94,1.79,0.73,0.47,5.38,2341.9,2341.9,12635.45,0.23,0.45,0.38,0.47,0.47,1648.62,566.15,0.02,0.34,0.49,0.06,0.0,0.0,0.06,0.1,0.04,0.04,0.8,0.1,0.36,0.82,MIDDLE,MIDDLE,2.65,6.96,416.44,851.35
164,Camille,5.62,5.81,5.26,322,21527.88,29160.63,1210.32,13317.06,6999.49,16.14,19.67,0.25,0.0,27567.03,14253.98,14.87,10919.93,10122.45,170.04,4.02,5.62,2.1,20.36,16.6,8.57,1.39,0.65,0.56,0.32,26.63,1.65,0.77,0.38,5.27,5611.93,5611.93,9216.03,0.28,0.43,0.37,0.38,0.4,1624.81,544.65,0.01,0.31,0.37,0.03,0.0,0.0,0.12,0.07,0.1,0.01,1.66,0.2,0.36,0.87,TOP,TOP,1.87,6.43,403.24,794.97
166,Akshan,8.91,5.89,4.95,221,24070.78,20399.4,3526.61,19110.72,1432.43,510.09,2.07,0.0,0.0,14465.81,14378.14,14.97,12320.05,11472.15,181.76,2.73,8.91,1.91,19.45,15.31,8.13,2.17,0.61,0.51,0.33,28.32,1.82,0.79,0.42,5.52,3873.18,3873.18,9124.94,0.29,0.51,0.4,0.42,0.56,1652.09,516.17,0.01,0.29,1.15,0.16,0.02,0.0,0.14,0.04,0.1,0.01,1.21,0.13,0.38,0.88,MIDDLE,MIDDLE,2.35,6.7,447.44,874.19
200,Belveth,7.53,4.97,6.49,233,16431.22,33650.28,1945.9,11700.07,2784.21,201.96,20.69,0.0,0.0,28454.28,14202.37,14.88,12192.05,11087.42,39.34,149.73,7.53,2.24,20.85,22.0,3.94,4.2,1.33,1.22,0.38,27.15,1.95,0.99,0.53,6.3,3087.38,3087.38,38571.78,0.29,0.5,0.48,0.53,0.58,1637.27,586.59,0.01,0.26,0.55,0.06,0.0,0.0,0.17,0.09,0.07,0.07,1.45,0.27,0.55,0.71,JUNGLE,JUNGLE,2.82,6.93,446.79,602.14
201,Braum,1.23,5.18,14.36,352,7781.02,22169.73,5818.41,1469.31,492.67,2.45,37.89,452.72,1762.79,24267.82,9747.3,12.05,7384.26,6632.41,23.89,0.32,1.23,6.55,21.39,58.66,26.65,5.44,4.18,3.58,0.34,26.26,1.94,0.83,0.49,5.59,773.34,773.34,2811.23,0.3,0.52,0.43,0.49,0.49,1610.83,537.86,0.02,0.28,0.03,0.0,0.0,0.0,0.03,0.2,0.03,0.11,0.3,0.07,0.53,0.69,UTILITY,BOTTOM,3.01,0.9,275.05,289.83
202,Jhin,6.86,5.09,7.3,736,19969.22,17953.16,952.38,18643.51,372.45,1209.03,27.0,15.74,0.0,9368.56,12778.84,13.99,11649.48,10657.13,187.77,3.3,6.86,2.36,18.87,14.61,8.25,1.81,0.84,0.72,0.33,27.81,1.83,0.8,0.42,5.32,3786.88,3786.88,11165.29,0.27,0.5,0.38,0.42,0.46,1652.28,593.16,0.01,0.32,0.8,0.1,0.01,0.0,0.15,0.12,0.09,0.05,1.15,0.18,0.45,0.8,BOTTOM,BOTTOM,2.78,6.94,423.03,725.15
203,Kindred,8.19,5.63,7.38,385,23048.79,32307.21,3483.98,17250.58,2313.28,583.85,10.69,3116.45,0.0,19063.68,14259.21,14.83,12311.09,11191.03,31.27,153.3,8.19,2.8,21.28,24.17,4.68,4.52,1.91,1.73,0.38,27.72,1.99,0.91,0.49,5.76,2522.68,2522.68,36450.44,0.32,0.51,0.45,0.49,0.51,1667.21,549.57,0.01,0.29,0.83,0.16,0.02,0.01,0.17,0.09,0.04,0.07,0.96,0.21,0.5,0.78,JUNGLE,JUNGLE,2.77,6.64,443.05,829.49
221,Zeri,7.11,5.67,6.3,209,24413.11,21601.53,6095.22,17676.11,640.89,620.54,7.0,0.0,0.0,13069.59,12707.09,14.02,12407.49,11299.04,206.41,12.75,7.11,1.96,19.45,18.18,7.53,4.44,0.65,0.58,0.28,26.14,1.67,0.76,0.42,5.37,4963.21,4963.21,14251.01,0.25,0.38,0.4,0.42,0.44,1651.82,557.52,0.01,0.29,1.04,0.26,0.06,0.0,0.11,0.1,0.15,0.04,1.63,0.21,0.45,0.83,BOTTOM,BOTTOM,2.37,7.96,450.68,886.77
222,Jinx,6.5,5.67,6.7,1306,21919.09,19014.83,723.44,20763.69,431.1,675.36,16.81,4.07,0.0,10319.32,12646.38,13.99,11739.0,10699.64,195.53,8.53,6.5,2.05,19.2,14.63,7.5,2.58,0.6,0.51,0.32,26.84,1.75,0.84,0.44,5.6,5466.78,5466.78,14873.97,0.26,0.46,0.42,0.44,0.47,1646.89,562.38,0.01,0.29,0.97,0.17,0.03,0.01,0.08,0.09,0.13,0.05,1.75,0.28,0.51,0.83,BOTTOM,BOTTOM,2.33,7.43,427.68,798.56
223,TahmKench,3.67,5.62,9.02,207,17724.95,39252.65,13136.37,4029.0,558.85,2.4,33.71,47.18,577.05,39261.11,12147.31,13.64,9214.46,8418.99,91.18,0.7,3.67,3.63,19.65,37.92,17.47,3.77,1.64,1.38,0.27,28.18,1.99,0.86,0.48,5.56,2959.91,2959.91,6092.43,0.22,0.51,0.43,0.48,0.51,1687.14,591.78,0.01,0.25,0.16,0.0,0.0,0.0,0.06,0.12,0.08,0.06,0.89,0.14,0.5,0.9,UTILITY,BOTTOM,2.26,3.27,327.7,630.35
233,Briar,7.79,6.26,6.95,217,20958.92,38955.24,4317.98,15285.31,1354.6,151.23,28.67,0.55,0.0,30305.18,14053.73,14.76,11793.66,10883.79,48.84,126.4,7.79,1.91,19.99,18.5,5.17,2.36,1.26,1.1,0.31,29.29,1.73,0.83,0.44,5.59,1295.19,1295.19,27639.97,0.27,0.4,0.41,0.44,0.53,1654.54,547.59,0.0,0.37,0.64,0.08,0.0,0.0,0.17,0.12,0.02,0.03,0.49,0.1,0.29,0.76,JUNGLE,JUNGLE,2.35,6.35,427.68,760.05
234,Viego,7.86,5.34,6.56,749,18078.67,36521.12,1801.99,15251.41,1024.27,480.15,16.95,26.98,25.12,25410.04,14061.3,14.77,11970.69,10933.5,29.23,150.99,7.86,2.72,20.51,22.21,4.48,3.71,4.35,1.74,0.34,27.56,1.94,0.79,0.45,5.43,1758.81,1758.81,32413.74,0.27,0.51,0.39,0.45,0.48,1668.03,574.1,0.01,0.32,1.04,0.19,0.04,0.01,0.11,0.09,0.04,0.05,0.72,0.12,0.4,0.88,JUNGLE,JUNGLE,2.7,6.48,430.59,650.3
235,Senna,2.88,5.58,13.53,471,15712.62,20846.09,685.96,14631.56,394.37,401.34,36.84,6020.18,2332.23,9434.96,11057.65,12.98,9060.67,8080.42,34.49,1.29,2.88,4.83,21.01,58.0,25.5,6.59,2.55,2.25,0.36,26.69,1.86,0.86,0.44,5.6,2132.49,2132.49,6183.82,0.31,0.46,0.42,0.44,0.51,1683.28,556.01,0.01,0.29,0.15,0.02,0.0,0.0,0.04,0.11,0.06,0.15,0.68,0.12,0.54,0.9,UTILITY,BOTTOM,2.94,1.28,322.96,560.07
236,Lucian,7.52,5.68,5.78,379,24688.41,21350.31,3004.8,21012.4,670.31,608.85,1.88,8.92,0.0,12180.81,12557.88,13.88,11936.09,10973.07,193.77,5.65,7.52,2.12,19.35,15.75,7.87,2.81,0.66,0.58,0.32,26.91,1.97,0.87,0.42,5.54,4415.06,4415.06,13180.52,0.27,0.56,0.4,0.42,0.55,1633.35,565.71,0.01,0.33,0.92,0.16,0.02,0.0,0.16,0.09,0.12,0.08,1.42,0.22,0.48,0.77,BOTTOM,BOTTOM,2.34,7.33,438.46,906.91
238,Zed,7.32,5.78,5.26,382,23781.88,24278.05,1176.14,21263.88,1340.94,30.02,7.49,0.0,0.0,16449.95,14973.77,15.21,11853.36,11104.29,165.96,25.62,7.32,2.67,23.06,16.99,6.27,2.25,0.98,0.9,0.37,27.94,1.87,0.83,0.41,5.57,2900.8,2900.8,8917.77,0.31,0.51,0.4,0.41,0.46,1696.98,552.8,0.01,0.29,0.54,0.07,0.0,0.0,0.1,0.05,0.05,0.01,0.94,0.13,0.32,0.96,MIDDLE,MIDDLE,2.18,6.77,419.1,840.85
240,Kled,5.86,5.83,5.67,115,21606.38,33425.71,123.02,20546.05,936.9,183.74,8.52,0.0,0.0,27570.81,14005.54,14.64,11478.06,10747.9,172.57,4.77,5.86,1.53,20.04,15.57,8.03,1.45,0.33,0.28,0.31,26.96,1.78,0.87,0.43,5.66,7511.72,7511.72,12434.6,0.28,0.51,0.4,0.43,0.53,1591.78,531.83,0.03,0.3,0.38,0.05,0.01,0.0,0.21,0.04,0.17,0.02,2.19,0.26,0.52,0.72,TOP,TOP,1.98,6.68,432.65,814.42
245,Ekko,7.52,4.9,5.74,419,20665.92,29445.96,16494.78,2451.47,1718.66,0.0,17.89,0.0,0.0,21063.95,14396.04,14.83,11894.36,10991.82,111.16,75.41,7.52,2.77,18.77,18.61,5.39,2.69,1.22,1.06,0.34,27.41,1.85,0.93,0.47,5.84,4078.84,4078.84,20414.98,0.28,0.48,0.44,0.47,0.54,1649.5,590.2,0.01,0.28,0.69,0.12,0.01,0.0,0.13,0.09,0.07,0.04,1.32,0.29,0.55,0.81,MIDDLE,MIDDLE,2.71,6.79,432.65,751.72
246,Qiyana,7.53,5.63,5.8,204,21983.1,24841.15,1838.14,18413.62,1730.42,10.54,18.83,0.0,0.0,14414.26,14181.85,14.67,11671.87,10782.35,135.8,42.86,7.53,2.44,21.66,18.95,5.78,2.8,1.23,1.09,0.43,27.99,1.81,0.99,0.45,5.85,3351.27,3351.27,13151.23,0.34,0.44,0.44,0.45,0.5,1656.38,576.66,0.02,0.29,0.56,0.06,0.0,0.0,0.15,0.08,0.06,0.01,1.06,0.26,0.52,0.68,MIDDLE,MIDDLE,2.37,6.47,422.8,796.31
254,Vi,5.85,5.2,7.3,345,16180.55,29200.23,79.93,15057.34,1042.68,291.54,26.38,0.0,0.69,36498.31,13561.73,14.41,10954.52,10076.3,32.5,139.01,5.85,2.65,20.43,21.28,4.76,3.3,1.92,1.69,0.31,26.34,1.97,0.79,0.46,5.36,1510.27,1510.27,27924.66,0.27,0.6,0.39,0.46,0.5,1633.61,563.49,0.02,0.3,0.46,0.06,0.01,0.0,0.06,0.07,0.02,0.03,0.65,0.09,0.36,0.79,JUNGLE,JUNGLE,2.53,6.3,402.34,594.29
266,Aatrox,5.08,5.71,5.11,462,22261.86,34014.44,3947.41,17817.42,496.22,171.81,22.37,0.0,1.87,27454.83,14752.55,15.2,10967.07,10230.52,180.39,5.72,5.08,2.04,20.12,16.03,8.22,1.32,0.61,0.53,0.33,27.9,1.83,0.79,0.43,5.3,3801.89,3801.89,7858.98,0.27,0.5,0.4,0.43,0.5,1683.76,561.09,0.0,0.31,0.38,0.06,0.01,0.0,0.1,0.04,0.13,0.01,1.29,0.14,0.38,0.89,TOP,TOP,1.78,6.63,390.81,793.29
267,Nami,1.5,4.67,14.95,849,9220.29,15986.33,7955.06,1084.61,180.04,0.0,30.29,9259.6,1696.1,7244.91,10447.54,12.57,7669.33,6855.31,22.6,0.19,1.5,6.32,21.96,60.28,27.51,5.59,4.03,3.5,0.32,26.54,1.83,0.88,0.41,5.51,1226.93,1226.93,2732.52,0.27,0.48,0.42,0.41,0.48,1659.54,614.29,0.01,0.29,0.05,0.0,0.0,0.0,0.04,0.17,0.03,0.14,0.45,0.1,0.58,0.88,UTILITY,BOTTOM,3.52,0.82,277.28,333.36
268,Azir,5.15,5.09,5.38,266,23020.06,20993.09,21939.69,676.39,403.15,0.03,11.43,1.98,0.0,13748.23,14856.11,15.14,11547.78,10613.06,205.0,5.33,5.15,3.5,20.05,16.77,8.74,2.04,1.14,0.97,0.36,24.97,1.83,0.92,0.39,5.82,5791.78,5791.78,11887.95,0.32,0.48,0.4,0.39,0.47,1642.22,611.43,0.01,0.27,0.47,0.07,0.01,0.0,0.03,0.03,0.11,0.01,1.81,0.28,0.5,0.82,MIDDLE,MIDDLE,2.07,7.68,421.91,841.06
350,Yuumi,1.22,3.35,15.43,428,8206.65,7660.84,7509.9,324.85,371.21,19.59,19.28,7715.68,8221.43,3486.07,11105.1,13.04,7423.13,6598.56,15.24,0.26,1.22,4.21,19.18,42.61,21.83,1.5,3.16,2.71,0.28,26.01,1.69,0.78,0.39,5.39,579.37,579.37,1023.21,0.22,0.45,0.38,0.39,0.44,1618.69,651.43,0.01,0.32,0.05,0.0,0.0,0.0,0.05,0.22,0.03,0.17,0.23,0.03,0.56,0.79,UTILITY,BOTTOM,4.97,0.57,275.15,304.2
360,Samira,9.81,6.42,5.07,191,24691.26,22632.54,2626.19,21175.61,888.45,673.67,2.99,5.9,0.0,14979.32,12694.21,13.91,12728.02,11686.75,183.36,6.01,9.81,2.15,19.02,14.11,7.15,2.26,0.55,0.45,0.35,29.05,1.88,0.85,0.43,5.49,3569.99,3569.99,11445.68,0.3,0.58,0.38,0.43,0.47,1650.51,510.95,0.02,0.29,1.89,0.45,0.12,0.02,0.17,0.08,0.12,0.07,1.14,0.19,0.48,0.93,BOTTOM,BOTTOM,2.32,6.88,462.69,897.59
412,Thresh,1.98,5.54,14.5,697,8887.68,21301.86,6793.59,1273.77,819.59,1.27,37.03,265.95,2341.86,21192.54,10145.89,12.37,7786.82,6975.11,28.88,0.39,1.98,7.13,22.28,62.53,28.11,6.15,4.75,4.16,0.36,28.29,1.94,0.84,0.44,5.5,908.89,908.89,2796.45,0.3,0.49,0.42,0.44,0.47,1655.16,558.6,0.02,0.28,0.06,0.0,0.0,0.0,0.07,0.22,0.02,0.11,0.31,0.06,0.45,0.84,UTILITY,BOTTOM,2.97,1.06,282.27,322.18
420,Illaoi,4.37,5.96,4.08,100,25442.86,35854.25,889.21,24108.47,444.61,70.55,7.84,0.87,0.0,33117.12,15448.83,15.48,11583.3,10913.82,205.49,1.28,4.37,1.7,20.53,14.78,8.26,0.99,0.41,0.36,0.37,27.87,2.06,1.07,0.48,6.25,6638.92,6638.92,9881.75,0.3,0.49,0.49,0.48,0.69,1693.07,572.8,0.01,0.23,0.33,0.02,0.0,0.0,0.1,0.02,0.34,0.02,2.03,0.23,0.54,0.79,TOP,TOP,1.42,7.33,410.5,901.66
421,RekSai,7.44,4.94,8.25,133,18161.92,41462.81,2725.15,14072.67,1363.2,32.03,29.71,0.0,0.0,29949.06,14140.95,14.81,11757.17,10600.62,31.16,137.65,7.44,3.04,20.56,20.98,4.88,3.5,2.21,1.96,0.35,28.87,1.74,0.95,0.5,5.8,2345.83,2345.83,27188.27,0.29,0.42,0.43,0.5,0.57,1697.14,641.14,0.01,0.26,0.54,0.05,0.0,0.0,0.11,0.12,0.07,0.04,0.86,0.18,0.43,0.93,JUNGLE,JUNGLE,3.18,5.97,415.66,642.09
427,Ivern,2.56,4.05,13.25,160,10835.29,16300.29,6474.38,2915.36,1444.66,0.0,46.02,2249.82,9696.82,12923.75,12769.11,14.11,9768.92,8789.03,20.71,111.12,2.56,3.16,18.38,27.46,7.52,4.28,2.39,2.15,0.31,26.15,1.77,0.83,0.44,5.49,1276.12,1276.12,17295.58,0.28,0.46,0.42,0.44,0.49,1684.47,664.8,0.01,0.29,0.11,0.01,0.0,0.0,0.05,0.19,0.01,0.07,0.5,0.11,0.56,0.84,JUNGLE,JUNGLE,3.9,4.7,347.96,385.95
429,Kalista,7.9,5.99,6.15,180,21885.74,22284.84,2678.27,17552.62,1653.93,51.72,12.76,6.55,0.0,13945.45,12531.44,13.87,12300.97,11267.5,186.68,8.69,7.9,1.97,20.21,17.74,7.84,2.86,0.53,0.49,0.28,27.7,1.91,0.72,0.41,5.25,4458.09,4458.09,14805.48,0.21,0.54,0.42,0.41,0.45,1630.72,505.79,0.01,0.34,1.15,0.17,0.01,0.0,0.24,0.11,0.12,0.07,1.47,0.21,0.46,0.74,BOTTOM,BOTTOM,2.35,7.19,452.6,805.25
432,Bard,2.67,4.93,13.87,313,13025.17,21565.92,7701.12,4101.11,1221.99,1.98,48.49,1783.01,562.53,16565.68,10824.38,12.83,8209.21,7418.71,26.37,0.42,2.67,4.91,20.16,65.06,27.45,7.39,2.98,2.54,0.31,27.7,1.85,0.82,0.45,5.59,980.12,980.12,3354.48,0.27,0.5,0.42,0.45,0.43,1659.47,578.05,0.01,0.26,0.1,0.0,0.0,0.0,0.06,0.18,0.02,0.08,0.43,0.06,0.42,0.81,UTILITY,BOTTOM,3.35,0.97,296.81,470.94
497,Rakan,1.49,4.74,14.68,285,7146.98,19590.42,5008.12,1372.72,765.44,0.49,30.99,2507.53,3769.13,22238.85,9828.82,12.08,7619.17,6836.72,26.56,0.45,1.49,7.35,22.29,67.94,30.78,7.07,4.99,4.46,0.38,27.1,1.93,0.94,0.46,5.75,1129.76,1129.76,2759.39,0.3,0.47,0.43,0.46,0.52,1642.58,612.44,0.02,0.29,0.05,0.0,0.0,0.0,0.04,0.16,0.02,0.11,0.38,0.06,0.51,0.76,UTILITY,BOTTOM,3.41,0.99,278.31,261.06
498,Xayah,6.5,5.58,6.7,177,22741.97,21132.73,100.9,22215.23,425.37,630.32,18.15,8.07,0.0,10965.03,13395.76,14.36,11991.62,11001.21,201.62,10.98,6.5,2.18,20.33,14.59,7.58,2.48,0.62,0.5,0.41,28.27,1.85,0.93,0.42,5.84,5090.06,5090.06,17270.96,0.32,0.46,0.44,0.42,0.51,1669.72,571.79,0.02,0.28,0.79,0.06,0.01,0.0,0.1,0.09,0.17,0.06,1.76,0.27,0.53,0.94,BOTTOM,BOTTOM,2.37,7.64,430.91,817.21
516,Ornn,3.41,4.15,7.42,301,18386.85,31712.93,11760.08,6426.24,199.91,11.45,37.96,9.75,0.69,42442.34,14549.83,15.1,10221.99,9507.7,177.91,1.28,3.41,1.58,19.92,13.81,7.83,1.01,0.45,0.38,0.39,26.97,1.92,0.77,0.46,5.56,4275.01,4275.01,6637.51,0.34,0.56,0.46,0.46,0.46,1645.38,624.33,0.01,0.26,0.11,0.0,0.0,0.0,0.06,0.07,0.1,0.01,1.28,0.07,0.42,0.81,TOP,TOP,2.61,6.53,372.75,670.49
517,Sylas,6.33,6.48,6.96,524,21347.53,32210.05,19481.26,711.57,1153.8,12.86,21.99,116.05,38.16,20782.98,13432.12,14.39,10484.65,9771.22,147.31,6.04,6.33,3.36,20.79,20.06,8.99,2.0,1.1,0.96,0.31,28.35,1.92,0.8,0.45,5.5,2962.25,2962.25,6103.22,0.26,0.53,0.41,0.45,0.48,1628.97,502.93,0.01,0.31,0.51,0.06,0.01,0.0,0.16,0.1,0.05,0.03,0.93,0.13,0.37,0.75,MIDDLE,MIDDLE,2.05,5.65,386.18,786.3
518,Neeko,4.62,5.2,9.52,171,17981.68,20399.17,15601.94,1548.35,830.61,0.1,38.96,109.27,10.27,9515.11,11974.51,13.58,9570.27,8707.63,90.01,8.06,4.62,4.84,20.84,41.22,18.54,4.16,2.7,2.32,0.32,28.71,1.94,0.94,0.47,5.89,2843.64,2843.64,8215.89,0.29,0.58,0.51,0.47,0.6,1658.59,594.22,0.01,0.32,0.26,0.01,0.0,0.0,0.12,0.15,0.04,0.11,0.81,0.16,0.49,0.66,UTILITY,BOTTOM,2.72,3.55,346.21,650.49
523,Aphelios,6.58,6.01,5.41,322,23570.19,20153.88,956.0,22153.32,459.98,731.8,13.38,3.52,0.0,12008.98,12553.01,13.94,11672.26,10752.08,188.63,7.73,6.58,1.75,18.55,14.02,7.22,2.39,0.46,0.4,0.31,26.3,1.84,0.77,0.43,5.38,5377.99,5377.99,15281.9,0.25,0.44,0.4,0.43,0.5,1653.25,542.55,0.01,0.25,0.89,0.16,0.03,0.02,0.08,0.08,0.15,0.05,1.67,0.26,0.48,0.94,BOTTOM,BOTTOM,2.0,7.13,423.61,855.41
526,Rell,2.12,5.73,15.7,313,9384.52,21293.1,6364.83,2065.6,953.34,2.04,38.66,50.45,497.83,32474.98,10176.9,12.37,7947.63,7155.48,25.66,0.35,2.12,7.71,23.05,65.86,30.33,6.42,5.39,4.85,0.36,28.22,1.88,0.85,0.4,5.6,1122.14,1122.14,2759.47,0.27,0.48,0.4,0.4,0.44,1660.27,513.09,0.02,0.31,0.09,0.0,0.0,0.0,0.07,0.21,0.02,0.1,0.36,0.08,0.5,0.75,UTILITY,BOTTOM,3.11,0.94,287.22,339.14
555,Pyke,6.09,7.0,10.0,331,11789.47,21250.44,14.51,9391.35,2383.11,0.2,28.17,17.83,1.54,12130.8,10160.15,12.41,9390.41,8556.71,30.81,0.6,6.09,6.29,23.92,75.88,30.58,11.35,3.95,3.47,0.35,30.78,1.98,0.87,0.42,5.62,1064.02,1064.02,2934.63,0.28,0.53,0.39,0.42,0.5,1701.49,532.59,0.01,0.27,0.5,0.04,0.01,0.0,0.09,0.32,0.03,0.07,0.4,0.1,0.3,0.95,UTILITY,BOTTOM,2.3,1.11,331.14,415.73
711,Vex,6.6,5.42,7.01,124,22753.19,18042.56,20663.91,1517.94,570.68,0.0,29.08,5.28,0.0,12508.5,13948.37,14.54,11119.94,10392.42,182.55,1.25,6.6,3.97,20.26,18.85,9.34,2.1,1.48,1.33,0.35,26.66,1.78,0.79,0.44,5.24,2884.72,2884.72,5186.64,0.29,0.48,0.39,0.44,0.4,1631.8,566.56,0.02,0.31,0.67,0.1,0.01,0.0,0.1,0.11,0.05,0.03,0.87,0.12,0.42,0.75,MIDDLE,MIDDLE,2.51,6.76,408.87,836.62
777,Yone,5.16,6.14,4.71,621,22510.94,27369.52,3906.75,15896.8,2706.41,512.37,20.67,0.0,0.0,26447.31,14684.38,14.9,11172.88,10424.01,190.83,10.43,5.16,2.08,19.39,14.29,7.64,1.26,0.63,0.54,0.33,25.87,1.74,0.86,0.42,5.37,3839.17,3839.17,9861.05,0.27,0.45,0.38,0.42,0.47,1617.0,522.93,0.02,0.31,0.38,0.04,0.0,0.0,0.06,0.05,0.08,0.01,1.33,0.17,0.39,0.84,MIDDLE,MIDDLE,1.61,7.47,414.58,835.29
799,Ambessa,5.62,5.5,5.29,477,22981.24,27456.97,469.02,21451.81,1059.66,10.99,13.58,0.0,0.0,30837.59,14727.82,15.05,10991.38,10197.48,169.66,14.74,5.62,2.22,19.99,15.87,7.77,1.32,0.82,0.69,0.34,27.78,1.86,0.79,0.47,5.47,3913.95,3913.95,9702.03,0.28,0.48,0.4,0.47,0.48,1648.34,545.56,0.02,0.31,0.43,0.06,0.01,0.0,0.08,0.05,0.12,0.02,1.34,0.14,0.38,0.76,TOP,TOP,1.98,6.71,400.09,836.52
800,Mel,7.66,5.0,5.71,897,23805.32,17712.11,21913.99,1640.3,250.28,75.64,42.87,77.65,0.13,9240.96,13861.75,14.64,11454.44,10562.05,177.75,2.8,7.66,3.75,21.03,21.8,11.22,2.16,1.28,1.15,0.33,27.71,1.84,0.78,0.45,5.34,2397.58,2397.58,5623.63,0.27,0.47,0.38,0.45,0.47,1679.35,602.2,0.02,0.3,0.77,0.11,0.01,0.0,0.11,0.07,0.05,0.03,0.76,0.12,0.42,0.89,MIDDLE,MIDDLE,2.67,6.45,409.25,850.52
875,Sett,5.65,6.2,4.39,322,22935.88,34426.61,134.31,17637.93,5163.02,24.53,26.07,0.0,1.48,31933.67,14697.12,15.09,11504.55,10684.62,180.07,5.17,5.65,2.01,20.53,16.45,8.41,1.66,0.64,0.54,0.29,27.37,1.84,0.92,0.4,5.85,7308.04,7308.04,12099.8,0.25,0.49,0.43,0.4,0.56,1642.67,501.5,0.01,0.3,0.39,0.05,0.0,0.0,0.2,0.02,0.22,0.01,2.26,0.32,0.55,0.79,TOP,TOP,1.62,6.77,420.21,837.75
876,Lillia,6.74,4.73,8.23,220,22245.79,44105.24,16672.58,915.01,4657.24,0.03,23.95,0.0,0.0,25389.17,14954.52,15.12,11988.29,10877.82,37.44,159.41,6.74,2.3,18.17,20.32,4.14,3.1,1.6,1.45,0.37,28.06,1.81,0.87,0.46,5.62,1182.47,1182.47,28940.97,0.31,0.43,0.41,0.46,0.5,1681.6,610.23,0.01,0.3,0.75,0.11,0.01,0.0,0.07,0.06,0.01,0.03,0.48,0.15,0.43,0.85,JUNGLE,JUNGLE,3.16,7.02,427.75,793.74
887,Gwen,6.16,5.68,4.51,385,22377.1,32522.46,15922.11,2874.56,3579.44,0.0,8.7,0.0,0.0,24353.51,14838.14,15.04,11933.18,11056.9,112.99,88.2,6.16,2.25,18.54,18.37,5.95,2.85,0.81,0.71,0.31,25.3,1.75,0.84,0.44,5.56,5598.8,5598.8,23939.82,0.26,0.46,0.37,0.44,0.46,1639.08,577.48,0.02,0.28,0.68,0.12,0.02,0.0,0.04,0.05,0.12,0.02,1.82,0.35,0.49,0.84,JUNGLE,JUNGLE,1.88,7.36,436.82,819.13
888,Renata,1.69,5.3,13.99,106,9034.62,18971.44,5530.45,1524.55,1978.71,44.4,26.9,1166.93,3767.93,15534.48,10283.16,12.51,7795.53,7051.42,27.87,0.42,1.69,6.95,22.37,63.01,28.44,6.24,4.7,4.15,0.31,26.39,1.93,0.85,0.37,5.48,986.86,986.86,4939.67,0.21,0.48,0.41,0.37,0.45,1671.77,563.4,0.0,0.3,0.06,0.01,0.0,0.0,0.08,0.24,0.02,0.12,0.25,0.14,0.51,0.82,UTILITY,BOTTOM,2.96,1.02,279.78,324.25
893,Aurora,6.22,4.7,6.45,507,24965.1,20948.27,22287.59,1618.52,1058.14,0.0,8.85,9.21,0.0,10086.22,14610.54,15.04,11119.24,10271.96,188.71,1.3,6.22,3.23,19.59,18.1,8.55,2.21,0.96,0.89,0.36,27.99,1.94,0.77,0.43,5.45,3501.42,3501.42,6173.35,0.29,0.52,0.4,0.43,0.5,1657.48,644.46,0.02,0.29,0.57,0.08,0.0,0.0,0.1,0.04,0.07,0.03,1.12,0.14,0.4,0.85,MIDDLE,MIDDLE,2.7,6.88,402.51,903.72
895,Nilah,6.98,5.63,5.49,135,18497.69,22123.3,158.16,17642.07,696.75,626.84,8.19,784.46,472.33,16573.8,13004.01,14.19,11755.99,10733.0,181.73,6.99,6.98,1.76,17.82,13.42,7.34,1.86,0.44,0.38,0.27,24.96,1.88,0.76,0.42,5.39,5999.24,5999.24,14436.74,0.24,0.55,0.39,0.42,0.44,1591.83,565.39,0.01,0.31,1.06,0.16,0.03,0.01,0.13,0.05,0.16,0.04,1.89,0.24,0.49,0.67,BOTTOM,BOTTOM,2.21,7.11,443.11,697.22
897,KSante,4.24,4.47,5.88,390,18838.75,31022.63,1729.75,15867.15,1240.9,3.68,37.43,0.48,944.21,49446.26,14545.74,15.08,10408.37,9655.65,179.07,1.09,4.24,1.94,18.96,14.92,8.01,1.19,0.64,0.54,0.33,27.0,1.84,0.82,0.47,5.42,3551.88,3551.88,6352.06,0.26,0.49,0.42,0.47,0.55,1654.31,627.24,0.01,0.3,0.23,0.02,0.01,0.0,0.07,0.05,0.11,0.02,1.17,0.06,0.42,0.72,TOP,TOP,2.26,6.53,377.5,683.26
901,Smolder,5.75,5.69,6.54,240,26498.65,22102.3,3924.84,19778.76,2794.19,477.17,11.59,6.32,0.0,12510.98,13944.62,14.66,11873.32,11002.15,208.75,7.19,5.75,2.16,19.78,14.56,8.35,1.84,0.59,0.52,0.36,26.87,1.74,0.8,0.39,5.35,3498.53,3498.53,9478.87,0.3,0.44,0.4,0.39,0.47,1710.61,555.63,0.01,0.25,0.69,0.08,0.02,0.0,0.08,0.1,0.05,0.06,1.15,0.22,0.47,1.11,BOTTOM,BOTTOM,2.16,7.57,416.46,929.45
902,Milio,1.0,3.71,14.01,347,6073.92,14692.71,4906.52,1008.02,158.74,0.35,19.46,7155.68,6970.21,8408.16,10417.61,12.47,7457.71,6603.69,25.37,0.24,1.0,6.07,21.41,60.29,27.35,6.04,3.88,3.39,0.37,25.19,1.9,0.86,0.39,5.56,1004.94,1004.94,2477.12,0.31,0.48,0.41,0.39,0.46,1660.05,638.57,0.02,0.3,0.03,0.01,0.0,0.0,0.02,0.12,0.03,0.12,0.44,0.15,0.6,0.82,UTILITY,BOTTOM,4.05,0.93,269.55,219.53
910,Hwei,5.1,5.19,8.38,594,25018.92,18578.94,23672.88,1082.87,262.45,0.0,26.68,41.41,722.7,10006.39,14511.15,15.04,11243.37,10396.95,191.9,2.11,5.1,3.84,20.76,19.21,10.08,2.11,1.46,1.3,0.35,27.74,1.98,0.9,0.47,5.8,3278.19,3278.19,7327.81,0.29,0.5,0.43,0.47,0.5,1721.06,605.51,0.01,0.3,0.39,0.05,0.0,0.0,0.05,0.08,0.07,0.03,1.02,0.15,0.47,0.8,MIDDLE,MIDDLE,2.6,6.76,391.97,872.22
950,Naafiri,7.57,5.7,6.29,112,25261.91,27916.65,142.91,23610.09,1508.38,6.72,2.97,1533.56,0.0,24112.54,14702.08,15.01,12138.99,11152.88,163.31,23.54,7.57,1.86,21.14,16.62,7.38,1.88,0.65,0.54,0.42,29.34,2.2,0.97,0.47,6.21,3225.71,3225.71,10805.19,0.3,0.53,0.5,0.47,0.58,1716.98,622.25,0.03,0.2,0.79,0.14,0.03,0.02,0.14,0.05,0.04,0.04,1.1,0.19,0.48,0.79,MIDDLE,MIDDLE,2.43,6.53,424.2,882.78
