{"1035": ["LifeSteal", "SpellVamp", "Jungle"], "1039": ["LifeSteal", "SpellVamp", "Jungle"], "1040": ["LifeSteal", "SpellVamp", "Jungle"], "1054": ["Health", "HealthRegen", "Lane"], "1055": ["Health", "Damage", "SpellVamp", "Lane"], "1056": ["Health", "Lane", "ManaRegen", "SpellDamage"], "1083": ["Damage", "OnHit", "Lane"], "1101": ["Jungle"], "1102": ["Jungle"], "1103": ["Jungle"], "1104": ["Trinket", "Active"], "1105": ["Jungle"], "1106": ["Jungle"], "1107": ["Jungle"], "126697": ["Damage", "Active", "CooldownReduction", "ArmorPenetration", "AbilityHaste"], "1500": ["HealthRegen", "ManaRegen", "OnHit"], "1501": [], "1502": ["Armor", "ManaRegen", "OnHit"], "1503": ["HealthRegen", "ManaRegen", "OnHit"], "1504": ["Armor", "ManaRegen", "OnHit"], "1506": ["Armor", "ManaRegen", "OnHit"], "1507": ["Armor", "ManaRegen", "OnHit"], "1508": ["Armor", "ManaRegen", "OnHit"], "1509": ["Armor", "ManaRegen", "OnHit"], "1510": ["Armor", "ManaRegen", "OnHit"], "1511": ["Armor", "ManaRegen", "OnHit"], "1512": ["Armor", "ManaRegen", "OnHit"], "1515": ["Armor"], "1516": ["HealthRegen", "ManaRegen", "OnHit"], "1517": ["HealthRegen", "ManaRegen", "OnHit"], "1518": ["HealthRegen", "ManaRegen", "OnHit"], "1519": ["HealthRegen", "ManaRegen", "OnHit"], "1520": ["Armor", "ManaRegen", "OnHit"], "1521": ["OnHit"], "1522": ["Armor", "Damage"], "1523": ["Armor", "ManaRegen", "OnHit"], "2003": ["HealthRegen", "Consumable", "Lane", "Jungle"], "2010": [], "2033": ["Active", "Consumable", "HealthRegen", "Lane", "ManaRegen"], "2049": ["SpellDamage", "ManaRegen", "CooldownReduction", "Lane", "AbilityHaste"], "2050": ["Health", "SpellDamage", "CooldownReduction", "Lane", "AbilityHaste"], "2051": ["Health", "HealthRegen", "Lane"], "2052": [], "2055": ["Consumable", "Lane", "Stealth", "Vision"], "2056": ["Consumable", "Lane", "Stealth", "Vision"], "2065": ["SpellDamage", "ManaRegen", "Active", "CooldownReduction", "NonbootsMovement", "AbilityHaste"], "2138": ["Health", "Consumable", "NonbootsMovement", "Tenacity"], "2139": ["Consumable", "ManaRegen", "SpellDamage"], "2140": ["Consumable", "Damage", "LifeSteal", "SpellVamp"], "2141": ["Damage", "Consumable"], "2142": ["SpellDamage", "Consumable"], "2143": ["Health", "Consumable"], "2144": ["Consumable", "CooldownReduction"], "2145": ["Consumable"], "2150": ["Consumable"], "2151": ["Health", "Consumable", "Tenacity"], "2152": ["Consumable", "Tenacity"], "220000": ["Health", "SpellBlock", "Armor", "Damage", "CriticalStrike", "AttackSpeed", "SpellDamage", "Mana", "Consumable", "CooldownReduction", "SpellVamp", "NonbootsMovement", "Tenacity", "MagicPenetration", "ArmorPenetration", "MagicResist", "AbilityHaste"], "220001": ["Health", "SpellBlock", "Armor", "Damage", "AttackSpeed", "LifeSteal", "Mana", "Consumable", "CooldownReduction", "SpellVamp", "OnHit", "NonbootsMovement", "Tenacity", "ArmorPenetration", "MagicResist", "AbilityHaste"], "220002": ["Health", "Armor", "Damage", "CriticalStrike", "AttackSpeed", "LifeSteal", "Mana", "Consumable", "CooldownReduction", "OnHit", "NonbootsMovement", "ArmorPenetration", "AbilityHaste"], "220003": ["Health", "SpellBlock", "Armor", "Damage", "AttackSpeed", "Consumable", "Active", "CooldownReduction", "NonbootsMovement", "ArmorPenetration", "AbilityHaste"], "220004": ["Health", "SpellBlock", "Armor", "CriticalStrike", "AttackSpeed", "SpellDamage", "Mana", "Consumable", "Active", "CooldownReduction", "Slow", "SpellVamp", "OnHit", "NonbootsMovement", "MagicPenetration", "ArmorPenetration", "MagicResist", "AbilityHaste"], "220005": ["Health", "SpellBlock", "Armor", "CriticalStrike", "SpellDamage", "Consumable", "Active", "CooldownReduction", "Slow", "NonbootsMovement", "MagicPenetration", "MagicResist", "AbilityHaste"], "220006": ["Health", "SpellBlock", "Armor", "AttackSpeed", "SpellDamage", "ManaRegen", "Consumable", "Active", "CooldownReduction", "Slow", "OnHit", "NonbootsMovement", "MagicResist", "AbilityHaste"], "220007": ["Health", "SpellBlock", "HealthRegen", "Armor", "Damage", "CriticalStrike", "AttackSpeed", "LifeSteal", "SpellDamage", "Mana", "ManaRegen", "Consumable", "Active", "CooldownReduction", "Slow", "SpellVamp", "OnHit", "NonbootsMovement", "Tenacity", "MagicPenetration", "ArmorPenetration", "MagicResist", "AbilityHaste"], "221011": ["Health"], "221026": ["SpellDamage"], "221031": ["Armor"], "221038": ["Damage"], "221043": ["AttackSpeed", "OnHit"], "221053": ["Damage", "LifeSteal"], "221057": ["SpellBlock"], "221058": ["SpellDamage"], "222022": ["CooldownReduction"], "222051": ["Health", "HealthRegen", "Lane"], "222065": ["SpellDamage", "ManaRegen", "Active", "CooldownReduction", "NonbootsMovement", "AbilityHaste"], "222141": ["Damage", "Consumable"], "222502": ["Health", "Armor", "CooldownReduction", "AbilityHaste"], "222503": ["SpellDamage", "Mana", "CooldownReduction", "AbilityHaste"], "222504": ["Health", "SpellBlock", "HealthRegen"], "223001": ["Health", "SpellBlock", "Armor", "AbilityHaste"], "223002": ["Health", "Armor", "NonbootsMovement"], "223003": ["SpellDamage", "Mana", "AbilityHaste"], "223004": ["Damage", "Mana", "CooldownReduction", "OnHit", "AbilityHaste"], "223005": ["Boots"], "223006": ["AttackSpeed", "Boots"], "223009": ["Boots"], "223011": ["SpellDamage", "ManaRegen", "AbilityHaste"], "223020": ["Boots", "MagicPenetration"], "223026": ["Armor", "Damage"], "223031": ["CriticalStrike", "Damage"], "223032": ["Damage", "CriticalStrike"], "223033": ["Damage", "CriticalStrike", "ArmorPenetration"], "223036": ["Damage", "CriticalStrike", "ArmorPenetration"], "223039": ["Health", "CriticalStrike", "Lane"], "223040": ["SpellDamage", "Mana", "AbilityHaste"], "223042": ["Damage", "Mana", "CooldownReduction", "OnHit", "ArmorPenetration"], "223046": ["CriticalStrike", "AttackSpeed", "NonbootsMovement"], "223047": ["Armor", "Boots"], "223050": ["Health", "SpellBlock", "Armor", "AbilityHaste"], "223053": ["Health", "Damage", "Tenacity"], "223057": ["OnHit", "AbilityHaste"], "223065": ["Health", "SpellBlock", "HealthRegen", "CooldownReduction", "AbilityHaste"], "223067": ["Health", "CooldownReduction", "AbilityHaste"], "223068": ["Health", "Armor", "Aura", "AbilityHaste"], "223071": ["Health", "Damage", "CooldownReduction", "OnHit", "NonbootsMovement", "ArmorPenetration", "AbilityHaste"], "223072": ["Damage", "LifeSteal"], "223073": ["Health", "Damage", "AttackSpeed", "CooldownReduction", "NonbootsMovement", "AbilityHaste"], "223074": ["Damage", "LifeSteal", "CooldownReduction", "OnHit", "AbilityHaste"], "223075": ["Health", "Armor"], "223078": ["Health", "Damage", "AttackSpeed", "CooldownReduction", "OnHit", "NonbootsMovement", "AbilityHaste"], "223084": ["Health", "HealthRegen"], "223085": ["CriticalStrike", "AttackSpeed", "OnHit", "NonbootsMovement"], "223087": ["Damage", "AttackSpeed", "OnHit", "NonbootsMovement"], "223089": ["SpellDamage"], "223091": ["SpellBlock", "AttackSpeed", "OnHit", "Tenacity"], "223094": ["CriticalStrike", "AttackSpeed", "NonbootsMovement"], "223095": ["Damage", "CriticalStrike"], "223100": ["SpellDamage", "OnHit", "NonbootsMovement", "AbilityHaste"], "223102": ["SpellBlock", "SpellDamage"], "223105": ["SpellBlock", "Armor", "CooldownReduction", "AbilityHaste"], "223107": ["Health", "ManaRegen", "CooldownReduction", "AbilityHaste"], "223109": ["Health", "HealthRegen", "Armor", "Aura", "Active", "CooldownReduction", "AbilityHaste"], "223110": ["Armor", "Mana", "Aura", "CooldownReduction", "AbilityHaste"], "223111": ["Boots", "SpellBlock", "Tenacity"], "223112": ["SpellDamage", "ManaRegen", "CooldownReduction", "Lane"], "223115": ["AttackSpeed", "SpellDamage", "OnHit", "AbilityHaste"], "223116": ["Health", "SpellDamage", "Slow"], "223118": ["SpellDamage", "Mana", "AbilityHaste"], "223119": ["Health", "Mana", "AbilityHaste"], "223121": ["Health", "Mana", "AbilityHaste"], "223124": ["Damage", "AttackSpeed", "SpellDamage", "OnHit"], "223135": ["MagicPenetration", "SpellDamage"], "223137": ["SpellDamage", "MagicPenetration", "AbilityHaste"], "223139": ["SpellBlock", "Damage", "LifeSteal", "Active", "NonbootsMovement", "Tenacity"], "223142": ["Damage", "Active", "NonbootsMovement", "ArmorPenetration"], "223143": ["Health", "Armor", "Active", "Slow"], "223146": ["Damage", "LifeSteal", "SpellDamage", "Active", "SpellVamp"], "223152": ["Health", "SpellDamage", "Active", "CooldownReduction", "NonbootsMovement", "AbilityHaste"], "223153": ["Damage", "AttackSpeed", "LifeSteal", "Slow", "OnHit"], "223156": ["SpellBlock", "Damage", "LifeSteal", "SpellVamp", "AbilityHaste"], "223157": ["Armor", "SpellDamage", "Active"], "223158": ["Boots", "CooldownReduction"], "223161": ["Health", "Damage", "AbilityHaste"], "223165": ["Health", "SpellDamage", "CooldownReduction", "AbilityHaste"], "223172": ["AttackSpeed", "CooldownReduction", "OnHit", "NonbootsMovement", "Tenacity"], "223177": ["Health", "Damage", "Lane", "AbilityHaste"], "223181": ["Health", "Damage", "NonbootsMovement"], "223184": ["Health", "Damage", "LifeSteal", "Lane"], "223185": ["Damage", "ArmorPenetration", "Lane"], "223190": ["Health", "SpellBlock", "Armor", "Aura", "Active", "MagicResist", "AbilityHaste"], "223193": ["SpellBlock", "Armor", "Active", "CooldownReduction", "AbilityHaste"], "223222": ["Health", "ManaRegen", "Active", "CooldownReduction", "Tenacity", "AbilityHaste"], "223302": ["Damage", "AttackSpeed", "OnHit", "MagicPenetration", "ArmorPenetration"], "223504": ["AttackSpeed", "SpellDamage", "ManaRegen", "NonbootsMovement"], "223508": ["Damage", "CriticalStrike", "ManaRegen", "CooldownReduction", "OnHit", "AbilityHaste"], "223742": ["Health", "Armor", "Slow", "NonbootsMovement"], "223748": ["Health", "HealthRegen", "Damage", "OnHit"], "223814": ["Health", "Damage", "ArmorPenetration"], "224004": ["Damage", "ArmorPenetration"], "224005": ["SpellDamage", "ManaRegen", "CooldownReduction", "AbilityHaste"], "224401": ["Health", "SpellBlock", "NonbootsMovement"], "224403": ["Health", "SpellBlock", "HealthRegen", "Armor", "Damage", "CriticalStrike", "AttackSpeed", "LifeSteal", "SpellDamage", "Mana", "ManaRegen", "CooldownReduction", "NonbootsMovement"], "224628": ["SpellDamage", "AbilityHaste"], "224629": ["Health", "SpellDamage", "NonbootsMovement", "AbilityHaste"], "224633": ["Health", "SpellDamage", "CooldownReduction", "SpellVamp"], "224636": ["Health", "SpellDamage", "CooldownReduction", "NonbootsMovement", "AbilityHaste"], "224637": ["Health", "SpellDamage"], "224644": ["Health", "SpellDamage", "Mana", "NonbootsMovement", "AbilityHaste"], "224645": ["SpellDamage", "MagicPenetration"], "224646": ["SpellDamage", "GoldPer", "NonbootsMovement", "MagicPenetration"], "226035": ["Health", "SpellBlock", "Damage", "Active", "Tenacity"], "226333": ["Armor", "Damage", "AbilityHaste"], "226609": ["Health", "Damage", "CooldownReduction", "AbilityHaste"], "226610": ["Health", "Damage", "CooldownReduction", "AbilityHaste"], "226616": ["SpellDamage", "ManaRegen", "CooldownReduction", "AbilityHaste"], "226617": ["Health", "SpellDamage", "ManaRegen", "CooldownReduction", "AbilityHaste"], "226620": ["Health", "SpellDamage", "ManaRegen", "CooldownReduction", "AbilityHaste"], "226621": ["SpellDamage", "ManaRegen"], "226630": ["Health", "Damage", "LifeSteal", "Active", "CooldownReduction", "SpellVamp", "AbilityHaste"], "226631": ["Health", "Damage", "AttackSpeed", "Slow", "NonbootsMovement"], "226632": ["Health", "Damage", "CooldownReduction", "OnHit", "MagicPenetration", "ArmorPenetration", "AbilityHaste"], "226653": ["Health", "SpellDamage"], "226655": ["SpellDamage", "Mana", "CooldownReduction", "AbilityHaste"], "226656": ["Health", "SpellDamage", "Mana", "Active", "CooldownReduction", "Slow", "AbilityHaste"], "226657": ["Health", "HealthRegen", "SpellDamage", "Mana", "ManaRegen"], "226662": ["Health", "Armor", "CooldownReduction", "Slow", "OnHit", "AbilityHaste"], "226664": ["Health", "SpellBlock", "HealthRegen", "Aura", "MagicResist", "AbilityHaste"], "226665": ["Health", "SpellBlock", "Armor", "MagicResist"], "226667": ["Health", "SpellBlock", "Armor", "Aura", "CooldownReduction", "AbilityHaste"], "226671": ["Damage", "CriticalStrike", "AttackSpeed", "Active", "NonbootsMovement"], "226672": ["Damage", "AttackSpeed", "OnHit", "NonbootsMovement"], "226673": ["Damage", "CriticalStrike"], "226675": ["CriticalStrike", "AttackSpeed", "NonbootsMovement"], "226676": ["Damage", "CriticalStrike", "ArmorPenetration"], "226691": ["Damage", "Stealth", "CooldownReduction", "Slow", "NonbootsMovement", "ArmorPenetration", "AbilityHaste"], "226692": ["Damage", "CooldownReduction", "AbilityHaste"], "226693": ["Damage", "CooldownReduction", "ArmorPenetration", "AbilityHaste"], "226694": ["Damage", "CooldownReduction", "ArmorPenetration", "AbilityHaste"], "226695": ["Damage", "ArmorPenetration"], "226696": ["Damage", "ArmorPenetration", "AbilityHaste"], "226697": ["Damage", "Active", "CooldownReduction", "ArmorPenetration", "AbilityHaste"], "226698": ["Damage", "Active", "CooldownReduction", "ArmorPenetration", "AbilityHaste"], "226699": ["Damage", "Active", "CooldownReduction", "ArmorPenetration", "AbilityHaste"], "226701": ["Damage", "Active", "NonbootsMovement", "ArmorPenetration"], "228001": ["Health", "Active", "CooldownReduction", "AbilityHaste"], "228002": ["Armor", "SpellDamage", "Active"], "228003": ["Damage", "CriticalStrike", "ArmorPenetration"], "228004": ["Health", "SpellBlock", "Armor", "MagicResist"], "228005": ["Health", "Damage", "CooldownReduction", "OnHit", "NonbootsMovement", "ArmorPenetration", "AbilityHaste"], "228006": ["Damage", "LifeSteal", "CooldownReduction", "OnHit", "AbilityHaste"], "228008": ["Health", "Damage", "AttackSpeed", "CooldownReduction", "OnHit", "NonbootsMovement", "AbilityHaste"], "228020": ["Health", "SpellBlock", "CooldownReduction", "MagicPenetration", "MagicResist", "AbilityHaste"], "2403": [], "2501": ["Health", "Damage"], "2502": ["Health", "SpellBlock", "Armor", "CooldownReduction", "AbilityHaste"], "2503": ["SpellDamage", "Mana", "CooldownReduction", "AbilityHaste"], "2504": ["Health", "SpellBlock", "HealthRegen"], "3001": ["Health", "SpellBlock", "Armor", "AbilityHaste"], "3002": ["Health", "Armor", "NonbootsMovement"], "3003": ["SpellDamage", "Mana", "AbilityHaste"], "3004": ["Damage", "Mana", "CooldownReduction", "OnHit", "AbilityHaste"], "3005": ["Boots"], "3011": ["SpellDamage", "ManaRegen", "AbilityHaste"], "3012": ["Health", "ManaRegen"], "3026": ["Armor", "Damage"], "3031": ["CriticalStrike", "Damage"], "3032": ["Damage", "CriticalStrike", "AttackSpeed"], "3033": ["Damage", "CriticalStrike", "ArmorPenetration"], "3036": ["Damage", "CriticalStrike", "ArmorPenetration"], "3039": ["SpellBlock", "Armor", "Damage", "Lane"], "3040": ["SpellDamage", "Mana", "AbilityHaste"], "3041": ["Health", "SpellDamage", "NonbootsMovement"], "3042": ["Damage", "Mana", "CooldownReduction", "OnHit", "ArmorPenetration"], "3046": ["CriticalStrike", "AttackSpeed", "NonbootsMovement"], "3050": ["Health", "SpellBlock", "Armor", "AbilityHaste"], "3053": ["Health", "Damage", "Tenacity"], "3065": ["Health", "SpellBlock", "HealthRegen", "CooldownReduction", "AbilityHaste"], "3068": ["Health", "Armor", "Aura", "AbilityHaste"], "3071": ["Health", "Damage", "CooldownReduction", "OnHit", "NonbootsMovement", "ArmorPenetration", "AbilityHaste"], "3072": ["Damage", "LifeSteal"], "3073": ["Health", "Damage", "AttackSpeed", "CooldownReduction", "NonbootsMovement", "AbilityHaste"], "3074": ["Damage", "LifeSteal", "CooldownReduction", "OnHit", "AbilityHaste"], "3075": ["Health", "Armor"], "3078": ["Health", "Damage", "AttackSpeed", "CooldownReduction", "OnHit", "NonbootsMovement", "AbilityHaste"], "3083": ["Health", "HealthRegen"], "3084": ["Health", "HealthRegen"], "3085": ["CriticalStrike", "AttackSpeed", "OnHit", "NonbootsMovement"], "3087": ["Damage", "AttackSpeed", "OnHit", "NonbootsMovement"], "3089": ["SpellDamage"], "3091": ["SpellBlock", "AttackSpeed", "OnHit", "Tenacity"], "3094": ["CriticalStrike", "AttackSpeed", "NonbootsMovement"], "3095": ["Damage", "CriticalStrike"], "3100": ["SpellDamage", "OnHit", "NonbootsMovement", "AbilityHaste"], "3102": ["SpellBlock", "SpellDamage"], "3107": ["Health", "ManaRegen", "CooldownReduction", "AbilityHaste"], "3109": ["Health", "HealthRegen", "Armor", "Aura", "Active", "CooldownReduction", "AbilityHaste"], "3110": ["Armor", "Mana", "Aura", "CooldownReduction", "AbilityHaste"], "3112": ["Health", "SpellDamage", "ManaRegen", "Lane"], "3115": ["AttackSpeed", "SpellDamage", "OnHit", "AbilityHaste"], "3116": ["Health", "SpellDamage", "Slow"], "3117": ["Boots"], "3118": ["SpellDamage", "Mana", "AbilityHaste"], "3119": ["Health", "Mana", "AbilityHaste"], "3121": ["Health", "Mana", "AbilityHaste"], "3124": ["Damage", "AttackSpeed", "SpellDamage", "OnHit"], "3128": ["SpellDamage", "CooldownReduction"], "3131": ["Damage", "CriticalStrike", "AttackSpeed"], "3135": ["MagicPenetration", "SpellDamage"], "3137": ["SpellDamage", "MagicPenetration", "AbilityHaste"], "3139": ["SpellBlock", "Damage", "LifeSteal", "Active", "NonbootsMovement", "Tenacity"], "3142": ["Damage", "Active", "NonbootsMovement", "ArmorPenetration"], "3143": ["Health", "Armor", "Active", "Slow"], "3146": ["Damage", "LifeSteal", "SpellDamage", "Active", "SpellVamp"], "3152": ["Health", "SpellDamage", "Active", "CooldownReduction", "NonbootsMovement", "AbilityHaste"], "3153": ["Damage", "AttackSpeed", "LifeSteal", "Slow", "OnHit"], "3156": ["SpellBlock", "Damage", "LifeSteal", "SpellVamp", "AbilityHaste"], "3157": ["Armor", "SpellDamage", "Active"], "3161": ["Health", "Damage", "AbilityHaste"], "3165": ["Health", "SpellDamage", "CooldownReduction", "AbilityHaste"], "3170": ["Boots"], "3171": ["CooldownReduction", "Boots"], "3172": ["AttackSpeed", "NonbootsMovement"], "3173": ["SpellBlock", "Boots", "Tenacity", "MagicResist"], "3174": ["Armor", "Boots"], "3175": ["Boots", "MagicPenetration"], "3176": ["Boots"], "3177": ["Health", "Damage", "Lane", "AbilityHaste"], "3179": ["Damage", "Vision", "CooldownReduction", "ArmorPenetration", "AbilityHaste"], "3181": ["Health", "Damage", "NonbootsMovement"], "3184": ["Health", "Damage", "LifeSteal", "Lane"], "3190": ["Health", "SpellBlock", "Armor", "Aura", "Active", "MagicResist", "AbilityHaste"], "3193": ["SpellBlock", "Armor", "Active", "CooldownReduction", "AbilityHaste"], "322065": ["SpellDamage", "ManaRegen", "Active", "CooldownReduction", "NonbootsMovement", "AbilityHaste"], "3222": ["Health", "ManaRegen", "Active", "CooldownReduction", "Tenacity", "AbilityHaste"], "323002": ["Health", "Armor", "NonbootsMovement"], "323003": ["SpellDamage", "Mana", "AbilityHaste"], "323004": ["Damage", "Mana", "CooldownReduction", "OnHit", "AbilityHaste"], "323040": ["SpellDamage", "Mana", "AbilityHaste"], "323042": ["Damage", "Mana", "CooldownReduction", "OnHit", "ArmorPenetration"], "323050": ["Health", "SpellBlock", "Armor", "AbilityHaste"], "323075": ["Health", "Armor"], "323107": ["Health", "ManaRegen", "CooldownReduction", "AbilityHaste"], "323109": ["Health", "HealthRegen", "Armor", "Aura", "Active", "CooldownReduction", "AbilityHaste"], "323110": ["Armor", "Mana", "Aura", "CooldownReduction", "AbilityHaste"], "323119": ["Health", "Mana", "AbilityHaste"], "323121": ["Health", "Mana", "AbilityHaste"], "323190": ["Health", "SpellBlock", "Armor", "Aura", "Active", "MagicResist", "AbilityHaste"], "323222": ["Health", "ManaRegen", "Active", "CooldownReduction", "Tenacity", "AbilityHaste"], "323504": ["AttackSpeed", "SpellDamage", "ManaRegen", "NonbootsMovement"], "324005": ["SpellDamage", "ManaRegen", "CooldownReduction", "AbilityHaste"], "326616": ["SpellDamage", "ManaRegen", "CooldownReduction", "AbilityHaste"], "326617": ["Health", "SpellDamage", "ManaRegen", "CooldownReduction", "AbilityHaste"], "326620": ["Health", "SpellDamage", "ManaRegen", "CooldownReduction", "AbilityHaste"], "326621": ["SpellDamage", "ManaRegen"], "326657": ["Health", "HealthRegen", "SpellDamage", "Mana", "ManaRegen"], "328020": ["Health", "SpellBlock", "SpellDamage", "CooldownReduction", "MagicResist", "AbilityHaste"], "3302": ["Damage", "AttackSpeed", "OnHit", "MagicPenetration", "ArmorPenetration"], "3330": ["Active", "Jungle", "Lane", "Trinket", "Vision"], "3340": ["Active", "Jungle", "Lane", "Trinket", "Vision"], "3348": ["Active", "Jungle", "Lane", "Trinket", "Vision"], "3349": ["Active", "Jungle", "Lane", "Trinket", "Vision"], "3363": ["Active", "Trinket", "Vision"], "3364": ["Active", "Trinket", "Vision"], "3400": ["Consumable", "GoldPer"], "3430": ["CriticalStrike", "SpellDamage", "CooldownReduction"], "3504": ["AttackSpeed", "SpellDamage", "ManaRegen", "NonbootsMovement"], "3508": ["Damage", "CriticalStrike", "ManaRegen", "CooldownReduction", "OnHit", "AbilityHaste"], "3513": ["Trinket", "Active"], "3599": ["Consumable"], "3600": ["Consumable"], "3742": ["Health", "Armor", "Slow", "NonbootsMovement"], "3748": ["Health", "HealthRegen", "Damage", "OnHit"], "3814": ["Health", "Damage", "ArmorPenetration"], "3850": ["Health", "SpellDamage", "ManaRegen", "Vision", "GoldPer", "Lane"], "3851": ["GoldPer", "Lane", "ManaRegen", "SpellDamage"], "3853": ["GoldPer", "Lane", "ManaRegen", "SpellDamage"], "3854": ["Health", "HealthRegen", "Damage", "Vision", "GoldPer", "Lane"], "3855": ["Health", "HealthRegen", "GoldPer", "Lane"], "3857": ["Health", "HealthRegen", "GoldPer", "Lane"], "3858": ["Health", "HealthRegen", "SpellDamage", "Vision", "GoldPer", "Lane"], "3859": ["Health", "HealthRegen", "GoldPer", "Lane"], "3860": ["Health", "HealthRegen", "GoldPer", "Lane"], "3862": ["Health", "Damage", "ManaRegen", "Vision", "GoldPer", "Lane"], "3863": ["Health", "ManaRegen", "GoldPer", "Lane"], "3864": ["Health", "ManaRegen", "GoldPer", "Lane"], "3865": ["Health", "SpellDamage", "ManaRegen", "Vision", "GoldPer", "Lane"], "3866": ["SpellDamage", "ManaRegen", "Vision", "GoldPer", "Lane"], "3869": ["Health", "HealthRegen", "ManaRegen", "Vision", "GoldPer", "Lane"], "3870": ["Health", "HealthRegen", "ManaRegen", "Vision", "GoldPer", "Lane"], "3871": ["Health", "HealthRegen", "ManaRegen", "Vision", "GoldPer", "Lane"], "3876": ["Health", "HealthRegen", "ManaRegen", "Vision", "GoldPer", "Lane"], "3877": ["Health", "HealthRegen", "ManaRegen", "Vision", "GoldPer", "Lane"], "3901": [], "3902": [], "3903": [], "4004": ["Damage", "ArmorPenetration"], "4005": ["SpellDamage", "ManaRegen", "CooldownReduction", "AbilityHaste"], "4010": ["SpellBlock", "Armor", "SpellDamage", "CooldownReduction"], "4011": ["Health", "SpellDamage", "CooldownReduction", "OnHit", "AbilityHaste"], "4012": ["Health", "SpellBlock", "Armor", "Tenacity"], "4013": ["SpellBlock", "Armor", "SpellDamage", "Tenacity"], "4014": ["Health", "Damage", "AttackSpeed", "Slow"], "4015": ["SpellDamage", "CooldownReduction", "NonbootsMovement", "MagicPenetration", "ArmorPenetration", "AbilityHaste"], "4016": ["SpellDamage", "CooldownReduction", "AbilityHaste"], "4017": ["Damage", "LifeSteal", "SpellVamp", "OnHit", "NonbootsMovement", "ArmorPenetration"], "4401": ["Health", "SpellBlock", "NonbootsMovement"], "4402": ["Health", "Damage", "Mana", "CooldownReduction", "AbilityHaste"], "4403": ["Health", "SpellBlock", "HealthRegen", "Armor", "Damage", "CriticalStrike", "AttackSpeed", "LifeSteal", "SpellDamage", "Mana", "ManaRegen", "CooldownReduction", "NonbootsMovement"], "443054": ["Armor", "AttackSpeed", "NonbootsMovement"], "443055": ["Damage", "AttackSpeed", "NonbootsMovement"], "443056": ["Health", "Armor", "Damage", "AttackSpeed", "SpellDamage", "MagicResist", "AbilityHaste"], "443058": ["Health", "Armor"], "443059": ["Health", "MagicResist"], "443060": ["Damage", "CriticalStrike", "SpellDamage"], "443061": ["Health", "SpellBlock", "Armor", "CriticalStrike", "MagicResist"], "443062": ["SpellDamage", "SpellVamp", "AbilityHaste"], "443063": ["SpellBlock", "Armor", "AbilityHaste"], "443064": ["Health", "SpellBlock", "HealthRegen", "Armor", "Damage", "CriticalStrike", "AttackSpeed", "LifeSteal", "SpellDamage", "Mana", "ManaRegen", "Active", "CooldownReduction", "SpellVamp", "NonbootsMovement", "MagicPenetration", "ArmorPenetration", "MagicResist", "AbilityHaste"], "443069": ["Damage", "CriticalStrike", "AttackSpeed"], "443079": ["Health", "Active", "NonbootsMovement"], "443080": ["Health", "Armor", "Damage", "AttackSpeed", "SpellDamage", "MagicResist", "AbilityHaste"], "443081": ["Health", "AttackSpeed"], "443090": ["Damage", "AttackSpeed", "SpellDamage", "NonbootsMovement"], "443193": ["SpellBlock", "Armor", "Active", "CooldownReduction", "AbilityHaste"], "444636": ["Health", "SpellDamage", "CooldownReduction", "NonbootsMovement", "AbilityHaste"], "444637": ["Health", "SpellDamage", "Active", "AbilityHaste"], "444644": ["Health", "SpellDamage", "Mana", "NonbootsMovement", "AbilityHaste"], "446632": ["Health", "Damage", "CooldownReduction", "OnHit", "MagicPenetration", "ArmorPenetration", "AbilityHaste"], "446656": ["Health", "SpellDamage", "Mana", "Active", "CooldownReduction", "Slow", "AbilityHaste"], "446667": ["Health", "SpellBlock", "Armor", "Aura", "CooldownReduction", "AbilityHaste"], "446671": ["Damage", "CriticalStrike", "AttackSpeed", "Active", "NonbootsMovement"], "446691": ["Damage", "Stealth", "CooldownReduction", "Slow", "NonbootsMovement", "ArmorPenetration", "AbilityHaste"], "446693": ["Damage", "CooldownReduction", "ArmorPenetration", "AbilityHaste"], "447100": ["Damage", "AttackSpeed", "SpellDamage", "NonbootsMovement", "AbilityHaste"], "447101": ["AttackSpeed", "NonbootsMovement", "AbilityHaste"], "447102": ["Health", "AttackSpeed", "SpellDamage"], "447103": ["Damage", "SpellVamp", "AbilityHaste"], "447104": ["Health", "SpellDamage", "AbilityHaste"], "447105": ["SpellDamage", "ManaRegen", "AbilityHaste"], "447106": ["Health", "HealthRegen", "Armor", "Damage", "AttackSpeed", "MagicResist", "AbilityHaste"], "447107": ["Damage", "AttackSpeed", "SpellDamage", "NonbootsMovement"], "447108": ["SpellDamage", "NonbootsMovement"], "447109": ["Armor", "SpellDamage", "MagicResist"], "447110": ["Health", "SpellDamage", "Tenacity"], "447111": ["Health", "Damage"], "447112": ["Damage", "SpellDamage", "MagicPenetration", "ArmorPenetration"], "447113": ["SpellDamage", "Mana", "MagicPenetration"], "447114": ["Health", "Armor", "AttackSpeed", "OnHit", "MagicResist"], "447115": ["Damage", "NonbootsMovement", "ArmorPenetration"], "447116": ["Damage", "SpellDamage", "MagicPenetration", "ArmorPenetration", "AbilityHaste"], "447118": ["Health", "Damage", "SpellDamage", "SpellVamp"], "447119": ["Damage", "AttackSpeed"], "447120": ["Damage", "AttackSpeed"], "447121": ["Health", "Armor", "Damage", "AttackSpeed", "SpellDamage", "MagicResist", "AbilityHaste"], "447122": ["SpellBlock", "AttackSpeed", "OnHit", "AbilityHaste"], "447123": ["SpellDamage", "ManaRegen", "AbilityHaste"], "4628": ["SpellDamage", "AbilityHaste"], "4629": ["Health", "SpellDamage", "NonbootsMovement", "AbilityHaste"], "4633": ["Health", "SpellDamage", "CooldownReduction", "SpellVamp"], "4635": ["Health", "SpellDamage", "SpellVamp"], "4636": ["Health", "SpellDamage", "CooldownReduction", "NonbootsMovement", "AbilityHaste"], "4637": ["Health", "SpellDamage"], "4641": ["Health", "Damage", "SpellDamage", "ManaRegen", "Vision", "Active", "CooldownReduction", "AbilityHaste"], "4643": ["Health", "SpellBlock", "Armor", "Vision", "Active", "CooldownReduction", "AbilityHaste"], "4644": ["Health", "SpellDamage", "Mana", "NonbootsMovement", "AbilityHaste"], "4645": ["SpellDamage", "MagicPenetration"], "4646": ["SpellDamage", "GoldPer", "NonbootsMovement", "MagicPenetration"], "6035": ["Health", "SpellBlock", "Damage", "Active", "Tenacity"], "6333": ["Armor", "Damage", "AbilityHaste"], "6609": ["Health", "Damage", "CooldownReduction", "AbilityHaste"], "6610": ["Health", "Damage", "CooldownReduction", "AbilityHaste"], "6616": ["SpellDamage", "ManaRegen", "CooldownReduction", "AbilityHaste"], "6617": ["Health", "SpellDamage", "ManaRegen", "CooldownReduction", "AbilityHaste"], "6620": ["Health", "SpellDamage", "ManaRegen", "CooldownReduction", "AbilityHaste"], "6621": ["SpellDamage", "ManaRegen"], "6630": ["Health", "Damage", "LifeSteal", "Active", "CooldownReduction", "SpellVamp", "AbilityHaste"], "6631": ["Health", "Damage", "AttackSpeed", "Slow", "NonbootsMovement"], "6632": ["Health", "Damage", "CooldownReduction", "OnHit", "MagicPenetration", "ArmorPenetration", "AbilityHaste"], "6653": ["Health", "SpellDamage"], "6655": ["SpellDamage", "Mana", "CooldownReduction", "AbilityHaste"], "6656": ["Health", "SpellDamage", "Mana", "Active", "CooldownReduction", "Slow", "AbilityHaste"], "6657": ["Health", "HealthRegen", "SpellDamage", "Mana", "ManaRegen"], "6662": ["Health", "Armor", "CooldownReduction", "Slow", "OnHit", "AbilityHaste"], "6664": ["Health", "SpellBlock", "HealthRegen", "Aura", "MagicResist", "AbilityHaste"], "6665": ["Health", "SpellBlock", "Armor", "MagicResist"], "6667": ["Health", "SpellBlock", "Armor", "Aura", "CooldownReduction", "AbilityHaste"], "6671": ["Damage", "CriticalStrike", "AttackSpeed", "Active", "NonbootsMovement"], "6672": ["Damage", "AttackSpeed", "OnHit", "NonbootsMovement"], "6673": ["Damage", "CriticalStrike"], "6675": ["CriticalStrike", "AttackSpeed", "NonbootsMovement"], "6676": ["Damage", "CriticalStrike", "ArmorPenetration"], "6677": ["AttackSpeed", "OnHit"], "6691": ["Damage", "Stealth", "CooldownReduction", "Slow", "NonbootsMovement", "ArmorPenetration", "AbilityHaste"], "6692": ["Damage", "CooldownReduction", "AbilityHaste"], "6693": ["Damage", "CooldownReduction", "ArmorPenetration", "AbilityHaste"], "6694": ["Damage", "CooldownReduction", "ArmorPenetration", "AbilityHaste"], "6695": ["Damage", "ArmorPenetration"], "6696": ["Damage", "ArmorPenetration", "AbilityHaste"], "6697": ["Damage", "Active", "CooldownReduction", "ArmorPenetration", "AbilityHaste"], "6698": ["Damage", "Active", "CooldownReduction", "ArmorPenetration", "AbilityHaste"], "6699": ["Damage", "Active", "CooldownReduction", "ArmorPenetration", "AbilityHaste"], "6700": ["Armor", "Damage", "Active", "CooldownReduction", "ArmorPenetration", "AbilityHaste"], "6701": ["Damage", "Active", "NonbootsMovement", "ArmorPenetration"], "7050": [], "8001": ["Health", "Active", "CooldownReduction", "AbilityHaste"], "8010": ["Health", "SpellDamage", "CooldownReduction", "MagicPenetration"], "8020": ["Health", "SpellBlock", "SpellDamage", "CooldownReduction", "MagicResist", "AbilityHaste"], "9168": [], "9171": [], "9172": [], "9173": [], "9174": [], "9175": [], "9176": [], "9177": [], "9178": [], "9179": [], "9180": [], "9181": [], "9183": [], "9184": [], "9185": [], "9187": [], "9188": [], "9189": [], "9190": [], "9192": [], "9193": [], "9271": [], "9272": [], "9273": [], "9274": [], "9275": [], "9276": [], "9277": [], "9278": [], "9279": [], "9280": [], "9281": [], "9283": [], "9284": [], "9285": [], "9287": [], "9288": [], "9289": [], "9290": [], "9292": [], "9293": [], "9300": [], "9301": [], "9302": [], "9303": [], "9304": [], "9305": [], "9306": [], "9307": [], "9308": [], "9400": [], "9401": [], "9402": [], "9403": [], "9404": [], "9405": [], "9406": [], "9407": [], "9408": [], "0": []}